Constituency_No,Constituency_Name,Constituency_Type,Total_Electors,Candidate_S_No,Candidate_Name,Gender,Age,Category,Party,Symbol,General_Votes,Postal_Votes,Total_Votes,Percentage_of_Valid_Votes,Percentage_of_Total_Electors,Turnout_General,Turnout_Postal,Turnout_Total,Turnout_Percentage
1,NERELA,GENERAL,281212,1,RAJ KARAN KHATRI,MALE,59,GENERAL,BJP,Lotus,86463,752,87215,49.91,31.01,173703,1043,174746,62.14
1,NERELA,GENERAL,281212,2,SHARAD KUMAR,MALE,49,GENERAL,AAAP,Broom,78395,224,78619,44.99,27.96,173703,1043,174746,62.14
1,NERELA,GENERAL,281212,3,ARUNA,FEMALE,43,SC,INC,Hand,6724,58,6782,3.88,2.41,173703,1043,174746,62.14
1,NERELA,GENERAL,281212,4,NOTA,,,NOTA,NOTA,973,8,981,0.56,0.35,173703,1043,174746,62.14
1,NERELA,GENERAL,281212,5,ANIL KUMAR SINGH,MALE,38,GENERAL,CPI(ML)(L),Flag with three stars,328,0,328,0.19,0.12,173703,1043,174746,62.14
1,NERELA,GENERAL,281212,6,VIKAS BHARDWAJ,MALE,46,GENERAL,IND,Road roller,300,1,301,0.17,0.11,173703,1043,174746,62.14
1,NERELA,GENERAL,281212,7,MD KHALID,MALE,42,GENERAL,ASPKR,Kettle,278,0,278,0.16,0.1,173703,1043,174746,62.14
1,NERELA,GENERAL,281212,8,BUDIYA,FEMALE,49,SC,IND,Table,242,0,242,0.14,0.09,173703,1043,174746,62.14
2,BURARI,GENERAL,426451,1,SANJEEV JHA,MALE,45,GENERAL,AAAP,Broom,120813,368,121181,47.57,28.42,253548,1189,254737,59.73
2,BURARI,GENERAL,426451,2,SHAILENDRA KUMAR,MALE,65,GENERAL,JD(U),Arrow,99943,637,100580,39.48,23.59,253548,1189,254737,59.73
2,BURARI,GENERAL,426451,3,MANGESH TYAGI,MALE,52,GENERAL,INC,Hand,19808,112,19920,7.82,4.67,253548,1189,254737,59.73
2,BURARI,GENERAL,426451,4,RATAN TYAGI,MALE,38,GENERAL,NCP,Clock,3829,23,3852,1.51,0.9,253548,1189,254737,59.73
2,BURARI,GENERAL,426451,5,NOTA,,,NOTA,NOTA,2530,18,2548,1,0.6,253548,1189,254737,59.73
2,BURARI,GENERAL,426451,6,GANGA RAM,MALE,61,SC,BSP,Elephant,2193,21,2214,0.87,0.52,253548,1189,254737,59.73
2,BURARI,GENERAL,426451,7,ANIL KAPOOR,MALE,33,GENERAL,JHD,Shoe,866,3,869,0.34,0.2,253548,1189,254737,59.73
2,BURARI,GENERAL,426451,8,SONU KAUSHIK,MALE,52,GENERAL,AAPP,Battery Torch,738,1,739,0.29,0.17,253548,1189,254737,59.73
2,BURARI,GENERAL,426451,9,VIJAY KUMAR JHA,MALE,49,GENERAL,RJCTMJM,Balloon,589,0,589,0.23,0.14,253548,1189,254737,59.73
2,BURARI,GENERAL,426451,10,SUNIL KUMAR VYATHIT,MALE,46,SC,AASPS,Cot,568,1,569,0.22,0.13,253548,1189,254737,59.73
2,BURARI,GENERAL,426451,11,ABHISHEK KUMAR SINGH (MASTER JI),MALE,39,GENERAL,RJSPS,Chakki,530,1,531,0.21,0.12,253548,1189,254737,59.73
2,BURARI,GENERAL,426451,12,GULAB SINGHAL,MALE,50,GENERAL,BHMS,Auto-rickshaw,318,0,318,0.12,0.07,253548,1189,254737,59.73
2,BURARI,GENERAL,426451,13,PRAMOD,MALE,42,GENERAL,SPRP,Scissors,315,0,315,0.12,0.07,253548,1189,254737,59.73
2,BURARI,GENERAL,426451,14,MUKESH PRASAD,MALE,53,GENERAL,bjdi,Computer,284,4,288,0.11,0.07,253548,1189,254737,59.73
2,BURARI,GENERAL,426451,15,DHURVA KUMAR,MALE,31,GENERAL,RTORP,Pressure cooker,224,0,224,0.09,0.05,253548,1189,254737,59.73
3,TIMARPUR,GENERAL,216184,1,SURYA PRAKASH KHATRI,MALE,62,GENERAL,BJP,Lotus,55626,315,55941,46.03,25.88,120988,553,121541,56.22
3,TIMARPUR,GENERAL,216184,2,SURINDER PAL SINGH (BITTOO),MALE,64,GENERAL,AAAP,Broom,54602,171,54773,45.07,25.34,120988,553,121541,56.22
3,TIMARPUR,GENERAL,216184,3,LOKENDRA KALYAN SINGH,MALE,42,GENERAL,INC,Hand,8313,48,8361,6.88,3.87,120988,553,121541,56.22
3,TIMARPUR,GENERAL,216184,4,SURENDER PAL,MALE,30,GENERAL,BSP,Elephant,976,9,985,0.81,0.46,120988,553,121541,56.22
3,TIMARPUR,GENERAL,216184,5,NOTA,,,NOTA,NOTA,658,5,663,0.55,0.31,120988,553,121541,56.22
3,TIMARPUR,GENERAL,216184,6,TARUN KUMAR,MALE,53,GENERAL,rpsn,Gas cylinder,165,2,167,0.14,0.08,120988,553,121541,56.22
3,TIMARPUR,GENERAL,216184,7,DEEPAK CHAWLA,MALE,42,GENERAL,RPPRINAT,Coconut farm,113,0,113,0.09,0.05,120988,553,121541,56.22
3,TIMARPUR,GENERAL,216184,8,RAJKUMAR BHARTI,MALE,43,SC,PPID,Basket containing Fruits,111,1,112,0.09,0.05,120988,553,121541,56.22
3,TIMARPUR,GENERAL,216184,9,RAM RAJ SINGH,MALE,51,GENERAL,RJSPS,Chakki,109,0,109,0.09,0.05,120988,553,121541,56.22
3,TIMARPUR,GENERAL,216184,10,SANGH PRIYA SIDDHARTHA,MALE,32,SC,BHMS,Auto-rickshaw,107,0,107,0.09,0.05,120988,553,121541,56.22
3,TIMARPUR,GENERAL,216184,11,RAKESH RANJAN SHRIVASTAV,MALE,49,GENERAL,JHD,Shoe,90,1,91,0.07,0.04,120988,553,121541,56.22
3,TIMARPUR,GENERAL,216184,12,WASIM AKRAM,MALE,31,GENERAL,INSAF,Whistle,69,0,69,0.06,0.03,120988,553,121541,56.22
3,TIMARPUR,GENERAL,216184,13,BIJENDER KUMAR,MALE,50,SC,JNSMHP,Bucket,49,1,50,0.04,0.02,120988,553,121541,56.22
4,ADARSH NAGAR,GENERAL,177458,1,RAJ KUMAR BHATIA,MALE,59,GENERAL,BJP,Lotus,52260,250,52510,52.27,29.59,100101,359,100460,56.61
4,ADARSH NAGAR,GENERAL,177458,2,MUKESH KUMAR GOEL,MALE,64,GENERAL,AAAP,Broom,40941,87,41028,40.84,23.12,100101,359,100460,56.61
4,ADARSH NAGAR,GENERAL,177458,3,SHIVANK SINGAL,MALE,30,GENERAL,INC,Hand,5442,18,5460,5.43,3.08,100101,359,100460,56.61
4,ADARSH NAGAR,GENERAL,177458,4,NOTA,,,NOTA,NOTA,374,3,377,0.38,0.21,100101,359,100460,56.61
4,ADARSH NAGAR,GENERAL,177458,5,ABDUL ZABBAR,MALE,61,GENERAL,BSP,Elephant,343,1,344,0.34,0.19,100101,359,100460,56.61
4,ADARSH NAGAR,GENERAL,177458,6,RAM NIWAS,MALE,49,SC,IND,Bat,140,0,140,0.14,0.08,100101,359,100460,56.61
4,ADARSH NAGAR,GENERAL,177458,7,SANJEEV KUMAR RANA,MALE,56,GENERAL,CPI,Ears of corn and sickle,133,0,133,0.13,0.07,100101,359,100460,56.61
4,ADARSH NAGAR,GENERAL,177458,8,VIJAY KR. AGGARWAL,MALE,63,GENERAL,IND,Diamond,116,0,116,0.12,0.07,100101,359,100460,56.61
4,ADARSH NAGAR,GENERAL,177458,9,NEETU SINGH,FEMALE,44,SC,IND,Battery Torch,111,0,111,0.11,0.06,100101,359,100460,56.61
4,ADARSH NAGAR,GENERAL,177458,10,AYUSH GUPTA,MALE,25,GENERAL,IND,Brush,64,0,64,0.06,0.04,100101,359,100460,56.61
4,ADARSH NAGAR,GENERAL,177458,11,PRIYA,FEMALE,29,SC,AMJNMTP,Auto-rickshaw,56,0,56,0.06,0.03,100101,359,100460,56.61
4,ADARSH NAGAR,GENERAL,177458,12,PREM CHAND,MALE,64,GENERAL,RSTJLKPS,Cot,41,0,41,0.04,0.02,100101,359,100460,56.61
4,ADARSH NAGAR,GENERAL,177458,13,SANJAY YADAV ADVOCATE,MALE,46,GENERAL,PPID,Basket containing Fruits,35,0,35,0.03,0.02,100101,359,100460,56.61
4,ADARSH NAGAR,GENERAL,177458,14,VISHAL SINGH,MALE,27,GENERAL,NYP,Belt,27,0,27,0.03,0.02,100101,359,100460,56.61
4,ADARSH NAGAR,GENERAL,177458,15,MD: RAHMAT ALI,MALE,42,GENERAL,NRCP,Bucket,18,0,18,0.02,0.01,100101,359,100460,56.61
5,BADLI,GENERAL,238865,1,AAHIR DEEPAK CHAUDHARYY,MALE,40,GENERAL,BJP,Lotus,61011,181,61192,40.56,25.62,150495,371,150866,63.16
5,BADLI,GENERAL,238865,2,AJESH YADAV,MALE,57,GENERAL,AAAP,Broom,45937,92,46029,30.51,19.27,150495,371,150866,63.16
5,BADLI,GENERAL,238865,3,DEVENDER YADAV,MALE,50,GENERAL,INC,Hand,40980,91,41071,27.22,17.19,150495,371,150866,63.16
5,BADLI,GENERAL,238865,4,RAVINDER KUMAR,MALE,49,SC,BSP,Elephant,723,2,725,0.48,0.3,150495,371,150866,63.16
5,BADLI,GENERAL,238865,5,NOTA,,,NOTA,NOTA,687,5,692,0.46,0.29,150495,371,150866,63.16
5,BADLI,GENERAL,238865,6,PARMOD KUMAR,MALE,46,SC,SUCI,Battery Torch,250,0,250,0.17,0.1,150495,371,150866,63.16
5,BADLI,GENERAL,238865,7,DEVENDER KUMAR YADAV,MALE,28,GENERAL,IND,Bat,235,0,235,0.16,0.1,150495,371,150866,63.16
5,BADLI,GENERAL,238865,8,JAI PAL,MALE,51,GENERAL,IND,Cauliflower,214,0,214,0.14,0.09,150495,371,150866,63.16
5,BADLI,GENERAL,238865,9,ARUN KUMAR,MALE,46,SC,IND,Kettle,158,0,158,0.1,0.07,150495,371,150866,63.16
5,BADLI,GENERAL,238865,10,MULAYAM SINGH,MALE,38,GENERAL,NCP,Clock,92,0,92,0.06,0.04,150495,371,150866,63.16
5,BADLI,GENERAL,238865,11,GOPAL KUMAR SINHA,MALE,39,GENERAL,BSKRP,Auto-rickshaw,76,0,76,0.05,0.03,150495,371,150866,63.16
5,BADLI,GENERAL,238865,12,RAJENDER,MALE,88,SC,AMJNMTP,Basket containing Fruits,68,0,68,0.05,0.03,150495,371,150866,63.16
5,BADLI,GENERAL,238865,13,R. C. SHARMA,MALE,53,GENERAL,SPRP,Scissors,64,0,64,0.04,0.03,150495,371,150866,63.16
6,RITHALA,GENERAL,322320,1,KULWANT RANA,MALE,55,GENERAL,BJP,Lotus,103950,421,104371,55.76,32.38,186520,644,187164,58.07
6,RITHALA,GENERAL,322320,2,MOHINDER GOYAL,MALE,60,GENERAL,AAAP,Broom,74591,164,74755,39.94,23.19,186520,644,187164,58.07
6,RITHALA,GENERAL,322320,3,SUSHANT MISHRA,MALE,46,GENERAL,INC,Hand,5216,42,5258,2.81,1.63,186520,644,187164,58.07
6,RITHALA,GENERAL,322320,4,NOTA,,,NOTA,NOTA,1224,11,1235,0.66,0.38,186520,644,187164,58.07
6,RITHALA,GENERAL,322320,5,NEYAZ KHAN,MALE,54,GENERAL,BSP,Elephant,615,4,619,0.33,0.19,186520,644,187164,58.07
6,RITHALA,GENERAL,322320,6,ASHOK JAIN,MALE,58,GENERAL,YBRP,Bat,213,0,213,0.11,0.07,186520,644,187164,58.07
6,RITHALA,GENERAL,322320,7,VIDYA PATTI,MALE,52,GENERAL,IND,Cauliflower,167,0,167,0.09,0.05,186520,644,187164,58.07
6,RITHALA,GENERAL,322320,8,NISHTHA,FEMALE,33,SC,JMBP,Flute,154,1,155,0.08,0.05,186520,644,187164,58.07
6,RITHALA,GENERAL,322320,9,VISHAL GUPTA,MALE,43,GENERAL,IND,Rubber stamp,117,0,117,0.06,0.04,186520,644,187164,58.07
6,RITHALA,GENERAL,322320,10,AYASHA KHATOON,FEMALE,41,GENERAL,PPID,Basket containing Fruits,114,0,114,0.06,0.04,186520,644,187164,58.07
6,RITHALA,GENERAL,322320,11,AJAY KUMAR SINGH,MALE,31,GENERAL,IND,Batsman,104,0,104,0.06,0.03,186520,644,187164,58.07
6,RITHALA,GENERAL,322320,12,JITANDER SINGH,MALE,36,SC,ASSP,Gas cylinder,55,1,56,0.03,0.02,186520,644,187164,58.07
7,BAWANA,SC,385153,1,RAVINDER INDRAJ SINGH,MALE,50,SC,BJP,Lotus,118746,769,119515,52,31.03,228823,1033,229856,59.68
7,BAWANA,SC,385153,2,JAI BHAGWAN UPKAR,MALE,43,SC,AAAP,Broom,87874,166,88040,38.3,22.86,228823,1033,229856,59.68
7,BAWANA,SC,385153,3,SURENDER KUMAR,MALE,68,SC,INC,Hand,18630,83,18713,8.14,4.86,228823,1033,229856,59.68
7,BAWANA,SC,385153,4,HEERA LAL,MALE,44,SC,BSP,Elephant,1552,5,1557,0.68,0.4,228823,1033,229856,59.68
7,BAWANA,SC,385153,5,NOTA,,,NOTA,NOTA,1339,7,1346,0.59,0.35,228823,1033,229856,59.68
7,BAWANA,SC,385153,6,HARI KISHAN MECHANIC,MALE,48,SC,IND,Refrigerator,278,1,279,0.12,0.07,228823,1033,229856,59.68
7,BAWANA,SC,385153,7,DHEERAJ KUMAR,MALE,33,SC,PPID,Basket containing Fruits,216,0,216,0.09,0.06,228823,1033,229856,59.68
7,BAWANA,SC,385153,8,BABITA,FEMALE,45,SC,ASSP,Gas cylinder,188,2,190,0.08,0.05,228823,1033,229856,59.68
8,MUNDKA,GENERAL,315101,1,GAJENDER DRALL,MALE,48,GENERAL,BJP,Lotus,89128,711,89839,47.07,28.51,189809,1044,190853,60.57
8,MUNDKA,GENERAL,315101,2,JASBIR KARALA,MALE,57,GENERAL,AAAP,Broom,79062,227,79289,41.54,25.16,189809,1044,190853,60.57
8,MUNDKA,GENERAL,315101,3,DHARAMPAL LAKRA,MALE,66,GENERAL,INC,Hand,10241,49,10290,5.39,3.27,189809,1044,190853,60.57
8,MUNDKA,GENERAL,315101,4,RAMBIR SHOKEEN,MALE,46,GENERAL,IND,Apple,8621,34,8655,4.53,2.75,189809,1044,190853,60.57
8,MUNDKA,GENERAL,315101,5,NOTA,,,NOTA,NOTA,1076,12,1088,0.57,0.35,189809,1044,190853,60.57
8,MUNDKA,GENERAL,315101,6,SUMAN LATA SEHRAWAT,FEMALE,49,GENERAL,BSP,Elephant,544,4,548,0.29,0.17,189809,1044,190853,60.57
8,MUNDKA,GENERAL,315101,7,SUNITA SHEKHAR CHAWARIYA,FEMALE,37,GENERAL,IND,Battery Torch,408,0,408,0.21,0.13,189809,1044,190853,60.57
8,MUNDKA,GENERAL,315101,8,SUNIL KUMAR,MALE,40,GENERAL,NLP,Auto-rickshaw,165,1,166,0.09,0.05,189809,1044,190853,60.57
8,MUNDKA,GENERAL,315101,9,RAJNI,FEMALE,28,SC,IND,Pen stand,128,1,129,0.07,0.04,189809,1044,190853,60.57
8,MUNDKA,GENERAL,315101,10,ANDEEP DRALL,MALE,37,GENERAL,IND,School bag,112,3,115,0.06,0.04,189809,1044,190853,60.57
8,MUNDKA,GENERAL,315101,11,MAHAVIR,MALE,67,GENERAL,AIFB,Lion,93,1,94,0.05,0.03,189809,1044,190853,60.57
8,MUNDKA,GENERAL,315101,12,YOGENDER SINGH ALIAS YOGI MATHUR,MALE,45,GENERAL,ABHSLP,Triangle,86,1,87,0.05,0.03,189809,1044,190853,60.57
8,MUNDKA,GENERAL,315101,13,SANTOSH,MALE,39,GENERAL,INSAF,Whistle,84,0,84,0.04,0.03,189809,1044,190853,60.57
8,MUNDKA,GENERAL,315101,14,SANJAYA KUMAR YADAV,MALE,29,GENERAL,RTORP,Pressure cooker,61,0,61,0.03,0.02,189809,1044,190853,60.57
9,KIRARI,GENERAL,324103,1,ANIL JHA,MALE,50,GENERAL,AAAP,Broom,105660,120,105780,52.26,32.64,202100,313,202413,62.45
9,KIRARI,GENERAL,324103,2,BAJRANG SHUKLA,MALE,56,GENERAL,BJP,Lotus,83749,160,83909,41.45,25.89,202100,313,202413,62.45
9,KIRARI,GENERAL,324103,3,RAJESH KUMAR GUPTA,MALE,59,GENERAL,INC,Hand,6847,17,6864,3.39,2.12,202100,313,202413,62.45
9,KIRARI,GENERAL,324103,4,JUGBIR SINGH,MALE,73,GENERAL,BSP,Elephant,2116,12,2128,1.05,0.66,202100,313,202413,62.45
9,KIRARI,GENERAL,324103,5,NOTA,,,NOTA,NOTA,1363,3,1366,0.67,0.42,202100,313,202413,62.45
9,KIRARI,GENERAL,324103,6,MALIK NEYAZ AHMAD,MALE,50,GENERAL,ASPKR,Kettle,885,0,885,0.44,0.27,202100,313,202413,62.45
9,KIRARI,GENERAL,324103,7,PRAKASH SRIVASTAV,MALE,32,GENERAL,IND,Bat,588,0,588,0.29,0.18,202100,313,202413,62.45
9,KIRARI,GENERAL,324103,8,RAKESH,MALE,34,SC,IND,Bench,472,1,473,0.23,0.15,202100,313,202413,62.45
9,KIRARI,GENERAL,324103,9,SUDESH SHARMA,MALE,46,GENERAL,RSHTMNVP,Nagrik,212,0,212,0.1,0.07,202100,313,202413,62.45
9,KIRARI,GENERAL,324103,10,AFSANA SARWAR,FEMALE,39,GENERAL,PECP,Whistle,208,0,208,0.1,0.06,202100,313,202413,62.45
10,SULTANPUR MAJRA,SC,186990,1,MUKESH KUMAR AHLAWAT,MALE,49,SC,AAAP,Broom,58687,80,58767,52.09,31.43,112625,200,112825,60.34
10,SULTANPUR MAJRA,SC,186990,2,KARAM SINGH KARMA,MALE,48,SC,BJP,Lotus,41549,92,41641,36.91,22.27,112625,200,112825,60.34
10,SULTANPUR MAJRA,SC,186990,3,JAI KISHAN,MALE,66,SC,INC,Hand,8671,17,8688,7.7,4.65,112625,200,112825,60.34
10,SULTANPUR MAJRA,SC,186990,4,KULWANT RANA,MALE,43,SC,BSP,Elephant,1882,3,1885,1.67,1.01,112625,200,112825,60.34
10,SULTANPUR MAJRA,SC,186990,5,JITENDER,MALE,46,SC,JMBP,Flute,555,0,555,0.49,0.3,112625,200,112825,60.34
10,SULTANPUR MAJRA,SC,186990,6,NOTA,,,NOTA,NOTA,488,6,494,0.44,0.26,112625,200,112825,60.34
10,SULTANPUR MAJRA,SC,186990,7,DEEPAK KUMAR,MALE,40,SC,IND,Sitar,177,0,177,0.16,0.09,112625,200,112825,60.34
10,SULTANPUR MAJRA,SC,186990,8,RAMSWAROOP SAMRIA,MALE,60,SC,IND,CCTV Camera,150,2,152,0.13,0.08,112625,200,112825,60.34
10,SULTANPUR MAJRA,SC,186990,9,KARAN SINGH,MALE,57,SC,SBNP,Television,151,0,151,0.13,0.08,112625,200,112825,60.34
10,SULTANPUR MAJRA,SC,186990,10,BABU LAL,MALE,72,SC,BSKRP,Diamond,91,0,91,0.08,0.05,112625,200,112825,60.34
10,SULTANPUR MAJRA,SC,186990,11,PREETI,FEMALE,41,SC,YBRP,Bat,82,0,82,0.07,0.04,112625,200,112825,60.34
10,SULTANPUR MAJRA,SC,186990,12,SANGEETA,FEMALE,42,SC,RLSP,Almirah,72,0,72,0.06,0.04,112625,200,112825,60.34
10,SULTANPUR MAJRA,SC,186990,13,LAXMI,FEMALE,46,SC,RPPRINAT,Coconut farm,70,0,70,0.06,0.04,112625,200,112825,60.34
11,NANGLOI JAT,GENERAL,268969,1,MANOJ KUMAR SHOKEEN,MALE,58,GENERAL,BJP,Lotus,74950,322,75272,47.25,27.99,158762,560,159322,59.23
11,NANGLOI JAT,GENERAL,268969,2,RAGHUVINDER SHOKEEN,MALE,58,GENERAL,AAAP,Broom,48907,114,49021,30.77,18.23,158762,560,159322,59.23
11,NANGLOI JAT,GENERAL,268969,3,ROHIT CHOUDHARY,MALE,45,GENERAL,INC,Hand,31918,110,32028,20.1,11.91,158762,560,159322,59.23
11,NANGLOI JAT,GENERAL,268969,4,NOTA,,,NOTA,NOTA,915,9,924,0.58,0.34,158762,560,159322,59.23
11,NANGLOI JAT,GENERAL,268969,5,MUKESH KUMAR,MALE,39,SC,BSP,Elephant,792,3,795,0.5,0.3,158762,560,159322,59.23
11,NANGLOI JAT,GENERAL,268969,6,YATENDER SHARMA,MALE,38,GENERAL,AAS,Battery Torch,389,1,390,0.24,0.14,158762,560,159322,59.23
11,NANGLOI JAT,GENERAL,268969,7,DILIP KUMAR SHARMA,MALE,42,GENERAL,IND,Auto-rickshaw,373,0,373,0.23,0.14,158762,560,159322,59.23
11,NANGLOI JAT,GENERAL,268969,8,RAM SAJIVAN,MALE,38,SC,PPID,Basket containing Fruits,204,1,205,0.13,0.08,158762,560,159322,59.23
11,NANGLOI JAT,GENERAL,268969,9,KANCHAN SHARMA,FEMALE,34,GENERAL,RSHTMNVP,Nagrik,162,0,162,0.1,0.06,158762,560,159322,59.23
11,NANGLOI JAT,GENERAL,268969,10,MAHENDER SINGH RATHOR,MALE,69,GENERAL,RLSP,Almirah,152,0,152,0.1,0.06,158762,560,159322,59.23
12,MANGOL PURI,SC,190095,1,RAJ KUMAR CHAUHAN,MALE,67,SC,BJP,Lotus,61805,202,62007,50.23,32.62,123127,323,123450,64.94
12,MANGOL PURI,SC,190095,2,DHARAM RAKSHAK ALIAS RAKESH JATAV,MALE,46,SC,AAAP,Broom,55659,93,55752,45.16,29.33,123127,323,123450,64.94
12,MANGOL PURI,SC,190095,3,HANUMAN SAHAY ALIAS HANUMAN CHAUHAN,MALE,58,SC,INC,Hand,3761,23,3784,3.07,1.99,123127,323,123450,64.94
12,MANGOL PURI,SC,190095,4,NOTA,,,NOTA,NOTA,760,2,762,0.62,0.4,123127,323,123450,64.94
12,MANGOL PURI,SC,190095,5,MUKESH KUMAR,MALE,51,SC,BSP,Elephant,721,3,724,0.59,0.38,123127,323,123450,64.94
12,MANGOL PURI,SC,190095,6,JAI BHAGWAN,MALE,62,SC,IND,Battery Torch,250,0,250,0.2,0.13,123127,323,123450,64.94
12,MANGOL PURI,SC,190095,7,KHILKHILAKAR,MALE,28,SC,BSSSSP,Water tank,171,0,171,0.14,0.09,123127,323,123450,64.94
13,ROHINI,GENERAL,173272,1,VIJENDER GUPTA,MALE,61,GENERAL,BJP,Lotus,69890,475,70365,65.01,40.61,107597,636,108233,62.46
13,ROHINI,GENERAL,173272,2,PARDEEP MITTAL,MALE,47,GENERAL,AAAP,Broom,32442,107,32549,30.07,18.78,107597,636,108233,62.46
13,ROHINI,GENERAL,173272,3,SUMESH GUPTA,MALE,53,GENERAL,INC,Hand,3721,44,3765,3.48,2.17,107597,636,108233,62.46
13,ROHINI,GENERAL,173272,4,NOTA,,,NOTA,NOTA,1027,4,1031,0.95,0.6,107597,636,108233,62.46
13,ROHINI,GENERAL,173272,5,HARSHAD CHADHA,MALE,25,GENERAL,BSP,Elephant,194,3,197,0.18,0.11,107597,636,108233,62.46
13,ROHINI,GENERAL,173272,6,ABHISHEK,MALE,29,SC,JMBP,Flute,118,0,118,0.11,0.07,107597,636,108233,62.46
13,ROHINI,GENERAL,173272,7,AMIT SAINI,MALE,27,GENERAL,JNSMHP,Bucket,91,1,92,0.09,0.05,107597,636,108233,62.46
13,ROHINI,GENERAL,173272,8,RAJBIR,MALE,68,SC,IND,Nagrik,62,0,62,0.06,0.04,107597,636,108233,62.46
13,ROHINI,GENERAL,173272,9,NARENDER SINGH PANWAR,MALE,29,GENERAL,IND,Dumbbells,52,2,54,0.05,0.03,107597,636,108233,62.46
14,SHALIMAR BAGH,GENERAL,194398,1,REKHA GUPTA,FEMALE,50,GENERAL,BJP,Lotus,67839,361,68200,59.95,35.08,113233,531,113764,58.52
14,SHALIMAR BAGH,GENERAL,194398,2,BANDANA KUMARI,FEMALE,50,GENERAL,AAAP,Broom,38487,118,38605,33.93,19.86,113233,531,113764,58.52
14,SHALIMAR BAGH,GENERAL,194398,3,PARVEEN KUMAR JAIN,MALE,63,GENERAL,INC,Hand,4845,47,4892,4.3,2.52,113233,531,113764,58.52
14,SHALIMAR BAGH,GENERAL,194398,4,NOTA,,,NOTA,NOTA,768,2,770,0.68,0.4,113233,531,113764,58.52
14,SHALIMAR BAGH,GENERAL,194398,5,SHYAM KUMAR,MALE,52,GENERAL,BSP,Elephant,410,1,411,0.36,0.21,113233,531,113764,58.52
14,SHALIMAR BAGH,GENERAL,194398,6,SAURABH GUPTA,MALE,36,GENERAL,IND,Stumps,356,2,358,0.31,0.18,113233,531,113764,58.52
14,SHALIMAR BAGH,GENERAL,194398,7,RINA DEVI,FEMALE,37,GENERAL,IND,Razor,252,0,252,0.22,0.13,113233,531,113764,58.52
14,SHALIMAR BAGH,GENERAL,194398,8,RAJESH KUMAR,MALE,52,GENERAL,IND,Sitar,143,0,143,0.13,0.07,113233,531,113764,58.52
14,SHALIMAR BAGH,GENERAL,194398,9,MOHD. USMAN,MALE,62,GENERAL,IND,Battery Torch,98,0,98,0.09,0.05,113233,531,113764,58.52
14,SHALIMAR BAGH,GENERAL,194398,10,RANJEET VERMA,MALE,42,GENERAL,NIUP,Water tank,35,0,35,0.03,0.02,113233,531,113764,58.52
15,SHAKUR BASTI,GENERAL,157011,1,KARNAIL SINGH,MALE,57,GENERAL,BJP,Lotus,56570,299,56869,57.07,36.22,99207,445,99652,63.47
15,SHAKUR BASTI,GENERAL,157011,2,SATYENDAR JAIN,MALE,60,GENERAL,AAAP,Broom,35775,96,35871,36,22.85,99207,445,99652,63.47
15,SHAKUR BASTI,GENERAL,157011,3,SATISH KUMAR LUTHRA,MALE,61,GENERAL,INC,Hand,5736,48,5784,5.8,3.68,99207,445,99652,63.47
15,SHAKUR BASTI,GENERAL,157011,4,NOTA,,,NOTA,NOTA,672,1,673,0.68,0.43,99207,445,99652,63.47
15,SHAKUR BASTI,GENERAL,157011,5,VIJAY KUMAR,MALE,31,GENERAL,BSP,Elephant,164,0,164,0.16,0.1,99207,445,99652,63.47
15,SHAKUR BASTI,GENERAL,157011,6,TAMANA,FEMALE,34,GENERAL,YBRP,Bat,115,0,115,0.12,0.07,99207,445,99652,63.47
15,SHAKUR BASTI,GENERAL,157011,7,RAJESH GUPTA,MALE,66,GENERAL,BLokSP,Electric pole,99,1,100,0.1,0.06,99207,445,99652,63.47
15,SHAKUR BASTI,GENERAL,157011,8,JUGAL CHAWLA,MALE,52,GENERAL,IND,Telephone,76,0,76,0.08,0.05,99207,445,99652,63.47
16,TRI NAGAR,GENERAL,177417,1,TILAK RAM GUPTA,MALE,73,GENERAL,BJP,Lotus,58836,237,59073,53.36,33.3,110324,373,110697,62.39
16,TRI NAGAR,GENERAL,177417,2,PREETI JITENDER TOMAR,FEMALE,55,GENERAL,AAAP,Broom,43083,94,43177,39,24.34,110324,373,110697,62.39
16,TRI NAGAR,GENERAL,177417,3,SATENDER SHARMA,MALE,60,GENERAL,INC,Hand,6867,30,6897,6.23,3.89,110324,373,110697,62.39
16,TRI NAGAR,GENERAL,177417,4,NOTA,,,NOTA,NOTA,682,6,688,0.62,0.39,110324,373,110697,62.39
16,TRI NAGAR,GENERAL,177417,5,PAWAN GARG,MALE,72,GENERAL,BSP,Elephant,562,4,566,0.51,0.32,110324,373,110697,62.39
16,TRI NAGAR,GENERAL,177417,6,SUBHASH,MALE,66,GENERAL,ASSP,Gas cylinder,180,1,181,0.16,0.1,110324,373,110697,62.39
16,TRI NAGAR,GENERAL,177417,7,SURENDRA SINGH BASOYA,MALE,48,GENERAL,PPID,Basket containing Fruits,114,1,115,0.1,0.06,110324,373,110697,62.39
17,WAZIRPUR,GENERAL,191145,1,POONAM SHARMA,FEMALE,40,GENERAL,BJP,Lotus,54414,307,54721,51.24,28.63,106340,448,106788,55.87
17,WAZIRPUR,GENERAL,191145,2,RAJESH GUPTA,MALE,46,GENERAL,AAAP,Broom,43194,102,43296,40.54,22.65,106340,448,106788,55.87
17,WAZIRPUR,GENERAL,191145,3,RAGINI NAYAK,FEMALE,42,GENERAL,INC,Hand,6311,37,6348,5.94,3.32,106340,448,106788,55.87
17,WAZIRPUR,GENERAL,191145,4,HIRA LAL,MALE,49,SC,BSP,Elephant,1046,1,1047,0.98,0.55,106340,448,106788,55.87
17,WAZIRPUR,GENERAL,191145,5,NOTA,,,NOTA,NOTA,652,0,652,0.61,0.34,106340,448,106788,55.87
17,WAZIRPUR,GENERAL,191145,6,AAKASH GOEL,MALE,40,GENERAL,IND,Laptop,233,1,234,0.22,0.12,106340,448,106788,55.87
17,WAZIRPUR,GENERAL,191145,7,DEVENDER KUMAR,MALE,70,GENERAL,CPI,Ears of corn and sickle,190,0,190,0.18,0.1,106340,448,106788,55.87
17,WAZIRPUR,GENERAL,191145,8,MUKESH JAIN,MALE,65,GENERAL,IND,Battery Torch,173,0,173,0.16,0.09,106340,448,106788,55.87
17,WAZIRPUR,GENERAL,191145,9,MAHESH BANSAL,MALE,67,GENERAL,RTORP,Pressure cooker,64,0,64,0.06,0.03,106340,448,106788,55.87
17,WAZIRPUR,GENERAL,191145,10,SHEELA DEVI,FEMALE,46,GENERAL,GEP,Nagrik,63,0,63,0.06,0.03,106340,448,106788,55.87
18,MODEL TOWN,GENERAL,179000,1,ASHOK GOEL,MALE,57,GENERAL,BJP,Lotus,51848,260,52108,54.1,29.11,95948,370,96318,53.81
18,MODEL TOWN,GENERAL,179000,2,AKHILESH PATI TRIPATHI,MALE,40,GENERAL,AAAP,Broom,38608,85,38693,40.17,21.62,95948,370,96318,53.81
18,MODEL TOWN,GENERAL,179000,3,KANWAR KARAN SINGH,MALE,68,GENERAL,INC,Hand,3886,22,3908,4.06,2.18,95948,370,96318,53.81
18,MODEL TOWN,GENERAL,179000,4,NOTA,,,NOTA,NOTA,682,3,685,0.71,0.38,95948,370,96318,53.81
18,MODEL TOWN,GENERAL,179000,5,CHUNNI LAL,MALE,50,SC,BSP,Elephant,372,0,372,0.39,0.21,95948,370,96318,53.81
18,MODEL TOWN,GENERAL,179000,6,ROMAN RASHID,MALE,33,GENERAL,IND,Razor,224,0,224,0.23,0.13,95948,370,96318,53.81
18,MODEL TOWN,GENERAL,179000,7,CHANDER PAL,MALE,42,SC,IND,Balloon,119,0,119,0.12,0.07,95948,370,96318,53.81
18,MODEL TOWN,GENERAL,179000,8,VIVEK GIRI,MALE,32,GENERAL,AAPP,Battery Torch,118,0,118,0.12,0.07,95948,370,96318,53.81
18,MODEL TOWN,GENERAL,179000,9,PANKAJ KUMAR,MALE,43,SC,RVNP,Air conditioner,58,0,58,0.06,0.03,95948,370,96318,53.81
18,MODEL TOWN,GENERAL,179000,10,AWDHESH KUMAR JHA,MALE,36,GENERAL,RTORP,Pressure cooker,33,0,33,0.03,0.02,95948,370,96318,53.81
19,SADAR BAZAR,GENERAL,195174,1,SOM DUTT,MALE,49,GENERAL,AAAP,Broom,56070,107,56177,47.45,28.78,118055,345,118400,60.66
19,SADAR BAZAR,GENERAL,195174,2,MANOJ KUMAR JINDAL,MALE,55,GENERAL,BJP,Lotus,49671,199,49870,42.12,25.55,118055,345,118400,60.66
19,SADAR BAZAR,GENERAL,195174,3,ANIL BHARDWAJ,MALE,58,GENERAL,INC,Hand,10022,35,10057,8.49,5.15,118055,345,118400,60.66
19,SADAR BAZAR,GENERAL,195174,4,SHAIL KUMARI,FEMALE,27,SC,BSP,Elephant,708,1,709,0.6,0.36,118055,345,118400,60.66
19,SADAR BAZAR,GENERAL,195174,5,NOTA,,,NOTA,NOTA,584,2,586,0.49,0.3,118055,345,118400,60.66
19,SADAR BAZAR,GENERAL,195174,6,MEENAKSHI KUMARI,FEMALE,48,SC,BHLBP,Dustbin,247,0,247,0.21,0.13,118055,345,118400,60.66
19,SADAR BAZAR,GENERAL,195174,7,MADHU BALA,FEMALE,41,SC,JMBP,Flute,213,0,213,0.18,0.11,118055,345,118400,60.66
19,SADAR BAZAR,GENERAL,195174,8,ASHA RANI,FEMALE,59,GENERAL,SUCI,Battery Torch,184,0,184,0.16,0.09,118055,345,118400,60.66
19,SADAR BAZAR,GENERAL,195174,9,ANITA BANSAL,FEMALE,57,GENERAL,ASSP,Gas cylinder,123,0,123,0.1,0.06,118055,345,118400,60.66
19,SADAR BAZAR,GENERAL,195174,10,CA SOHARSH GULGULIA JAIN,MALE,38,GENERAL,JTSP,Ship,100,0,100,0.08,0.05,118055,345,118400,60.66
19,SADAR BAZAR,GENERAL,195174,11,LAXMI THAKUR SINGHAL,FEMALE,52,GENERAL,ABHNVBHRTP,"Pen nib with seven rays",84,0,84,0.07,0.04,118055,345,118400,60.66
19,SADAR BAZAR,GENERAL,195174,12,UMESH RATHOR,MALE,55,GENERAL,ATBP,Batsman,49,1,50,0.04,0.03,118055,345,118400,60.66
20,CHANDNI CHOWK,GENERAL,126943,1,PUNARDEEP SINGH SAWHNEY (SABBY),MALE,44,GENERAL,AAAP,Broom,38932,61,38993,54.79,30.72,71019,154,71173,56.07
20,CHANDNI CHOWK,GENERAL,126943,2,SATISH JAIN,MALE,72,GENERAL,BJP,Lotus,22359,62,22421,31.5,17.66,71019,154,71173,56.07
20,CHANDNI CHOWK,GENERAL,126943,3,MUDIT AGARWAL,MALE,53,GENERAL,INC,Hand,9038,27,9065,12.74,7.14,71019,154,71173,56.07
20,CHANDNI CHOWK,GENERAL,126943,4,NOTA,,,NOTA,NOTA,249,4,253,0.36,0.2,71019,154,71173,56.07
20,CHANDNI CHOWK,GENERAL,126943,5,KALI CHARAN,MALE,57,SC,BSP,Elephant,246,0,246,0.35,0.19,71019,154,71173,56.07
20,CHANDNI CHOWK,GENERAL,126943,6,KHALID UR REHMAN,MALE,63,GENERAL,NCP,Clock,81,0,81,0.11,0.06,71019,154,71173,56.07
20,CHANDNI CHOWK,GENERAL,126943,7,RAHUL TIWARI,MALE,29,GENERAL,RTORP,Pressure cooker,69,0,69,0.1,0.05,71019,154,71173,56.07
20,CHANDNI CHOWK,GENERAL,126943,8,MOHAMMAD MURSALEEN,MALE,50,GENERAL,INSAF,Whistle,45,0,45,0.06,0.04,71019,154,71173,56.07
21,MATIA MAHAL,GENERAL,129536,1,AALEY MOHAMMED IQBAL,MALE,34,GENERAL,AAAP,Broom,58041,79,58120,68.8,44.87,84328,147,84475,65.21
21,MATIA MAHAL,GENERAL,129536,2,DEEPTI INDORA,FEMALE,42,SC,BJP,Lotus,15351,45,15396,18.23,11.89,84328,147,84475,65.21
21,MATIA MAHAL,GENERAL,129536,3,ASIM AHMED KHAN,MALE,48,GENERAL,INC,Hand,10274,21,10295,12.19,7.95,84328,147,84475,65.21
21,MATIA MAHAL,GENERAL,129536,4,NOTA,,,NOTA,NOTA,217,0,217,0.26,0.17,84328,147,84475,65.21
21,MATIA MAHAL,GENERAL,129536,5,TEJ RAM,MALE,57,SC,BSP,Elephant,129,1,130,0.15,0.1,84328,147,84475,65.21
21,MATIA MAHAL,GENERAL,129536,6,AMAR NATH,MALE,56,GENERAL,IND,Battery Torch,93,0,93,0.11,0.07,84328,147,84475,65.21
21,MATIA MAHAL,GENERAL,129536,7,MOHAMMAD AHMED SAIFI,MALE,64,GENERAL,IND,Saw,60,0,60,0.07,0.05,84328,147,84475,65.21
21,MATIA MAHAL,GENERAL,129536,8,MOHD JAVED,MALE,42,GENERAL,NCP,Clock,56,0,56,0.07,0.04,84328,147,84475,65.21
21,MATIA MAHAL,GENERAL,129536,9,BHAGWAN DASS,MALE,77,SC,IND,Bat,35,0,35,0.04,0.03,84328,147,84475,65.21
21,MATIA MAHAL,GENERAL,129536,10,FIRDOUS AHMAD,MALE,72,GENERAL,IND,Baby walker,31,0,31,0.04,0.02,84328,147,84475,65.21
21,MATIA MAHAL,GENERAL,129536,11,MOAZAM KHAN,MALE,42,GENERAL,IND,Camera,31,0,31,0.04,0.02,84328,147,84475,65.21
21,MATIA MAHAL,GENERAL,129536,12,ZAINUDDIN,MALE,47,GENERAL,IND,Air conditioner,10,1,11,0.01,0.01,84328,147,84475,65.21
22,BALLIMARAN,GENERAL,153571,1,IMRAN HUSSAIN,MALE,43,GENERAL,AAAP,Broom,56932,72,57004,58,37.12,98119,158,98277,63.99
22,BALLIMARAN,GENERAL,153571,2,KAMAL BAGRI,MALE,41,SC,BJP,Lotus,27119,62,27181,27.66,17.7,98119,158,98277,63.99
22,BALLIMARAN,GENERAL,153571,3,HAROON YUSUF,MALE,66,GENERAL,INC,Hand,13038,21,13059,13.29,8.5,98119,158,98277,63.99
22,BALLIMARAN,GENERAL,153571,4,NOTA,,,NOTA,NOTA,299,2,301,0.31,0.2,98119,158,98277,63.99
22,BALLIMARAN,GENERAL,153571,5,ABRAR,MALE,48,GENERAL,AADMPRVTNP,Battery Torch,224,0,224,0.23,0.15,98119,158,98277,63.99
22,BALLIMARAN,GENERAL,153571,6,SONU,MALE,45,SC,BSP,Elephant,190,0,190,0.19,0.12,98119,158,98277,63.99
22,BALLIMARAN,GENERAL,153571,7,BABU LAL,MALE,46,SC,IND,Flute,130,1,131,0.13,0.09,98119,158,98277,63.99
22,BALLIMARAN,GENERAL,153571,8,HANSA,FEMALE,46,SC,IND,School bag,77,0,77,0.08,0.05,98119,158,98277,63.99
22,BALLIMARAN,GENERAL,153571,9,MOHD. SHADAB,MALE,42,GENERAL,IND,Bat,72,0,72,0.07,0.05,98119,158,98277,63.99
22,BALLIMARAN,GENERAL,153571,10,MD HAROON,MALE,69,GENERAL,NCP,Clock,38,0,38,0.04,0.02,98119,158,98277,63.99
23,KAROL BAGH,SC,187987,1,VISHESH RAVI,MALE,41,SC,AAAP,Broom,52153,144,52297,50.88,27.82,102505,289,102794,54.68
23,KAROL BAGH,SC,187987,2,DUSHYANT GAUTAM,MALE,67,SC,BJP,Lotus,44750,117,44867,43.65,23.87,102505,289,102794,54.68
23,KAROL BAGH,SC,187987,3,RAHUL KUMAR,MALE,34,SC,INC,Hand,4232,20,4252,4.14,2.26,102505,289,102794,54.68
23,KAROL BAGH,SC,187987,4,RANJEET,MALE,49,SC,BSP,Elephant,624,2,626,0.61,0.33,102505,289,102794,54.68
23,KAROL BAGH,SC,187987,5,NOTA,,,NOTA,NOTA,543,5,548,0.53,0.29,102505,289,102794,54.68
23,KAROL BAGH,SC,187987,6,SHIV KUMAR,MALE,64,SC,RAM,Gas cylinder,116,0,116,0.11,0.06,102505,289,102794,54.68
23,KAROL BAGH,SC,187987,7,DEEPAK KUMAR,MALE,42,SC,IND,Camera,87,1,88,0.09,0.05,102505,289,102794,54.68
24,PATEL NAGAR,SC,201667,1,PRAVESH RATN,MALE,39,SC,AAAP,Broom,57408,104,57512,49,28.52,117026,344,117370,58.2
24,PATEL NAGAR,SC,201667,2,RAAJ KUMAR ANAND,MALE,58,SC,BJP,Lotus,53273,190,53463,45.55,26.51,117026,344,117370,58.2
24,PATEL NAGAR,SC,201667,3,KRISHNA TIRATH,FEMALE,69,SC,INC,Hand,4610,44,4654,3.97,2.31,117026,344,117370,58.2
24,PATEL NAGAR,SC,201667,4,NOTA,,,NOTA,NOTA,768,4,772,0.66,0.38,117026,344,117370,58.2
24,PATEL NAGAR,SC,201667,5,RAM AVTAR,MALE,57,SC,BSP,Elephant,712,2,714,0.61,0.35,117026,344,117370,58.2
24,PATEL NAGAR,SC,201667,6,ASHOK KUMAR,MALE,42,SC,ASPKR,Kettle,255,0,255,0.22,0.13,117026,344,117370,58.2
25,MOTI NAGAR,GENERAL,185619,1,HARISH KHURANA,MALE,50,GENERAL,BJP,Lotus,57364,201,57565,52.64,31.01,109055,306,109361,58.92
25,MOTI NAGAR,GENERAL,185619,2,SHIVCHARAN GOEL,MALE,63,GENERAL,AAAP,Broom,45827,81,45908,41.98,24.73,109055,306,109361,58.92
25,MOTI NAGAR,GENERAL,185619,3,RAJENDER SINGH,MALE,81,GENERAL,INC,Hand,3316,18,3334,3.05,1.8,109055,306,109361,58.92
25,MOTI NAGAR,GENERAL,185619,4,AVINASH GUPTA,MALE,50,GENERAL,BSP,Elephant,848,3,851,0.78,0.46,109055,306,109361,58.92
25,MOTI NAGAR,GENERAL,185619,5,NOTA,,,NOTA,NOTA,687,2,689,0.63,0.37,109055,306,109361,58.92
25,MOTI NAGAR,GENERAL,185619,6,SADRE ALAM,MALE,39,GENERAL,IND,Bat,415,1,416,0.38,0.22,109055,306,109361,58.92
25,MOTI NAGAR,GENERAL,185619,7,GAURI SHANKAR,MALE,50,GENERAL,IND,Battery Torch,170,0,170,0.16,0.09,109055,306,109361,58.92
25,MOTI NAGAR,GENERAL,185619,8,GOURAV BOTHRA,MALE,46,GENERAL,RTORP,Pressure cooker,124,0,124,0.11,0.07,109055,306,109361,58.92
25,MOTI NAGAR,GENERAL,185619,9,HARISH,MALE,46,GENERAL,IND,Cauliflower,76,0,76,0.07,0.04,109055,306,109361,58.92
25,MOTI NAGAR,GENERAL,185619,10,VISHAL SAHNI,MALE,57,GENERAL,VPI,Gas cylinder,70,0,70,0.06,0.04,109055,306,109361,58.92
25,MOTI NAGAR,GENERAL,185619,11,VIJAY KUMAR SHARMA,MALE,51,GENERAL,RSHTMNVP,Nagrik,63,0,63,0.06,0.03,109055,306,109361,58.92
25,MOTI NAGAR,GENERAL,185619,12,SANAULLAH,MALE,29,GENERAL,NCP,Clock,60,0,60,0.05,0.03,109055,306,109361,58.92
25,MOTI NAGAR,GENERAL,185619,13,MAHESH DUBEY,MALE,49,GENERAL,BHLBP,Dustbin,35,0,35,0.03,0.02,109055,306,109361,58.92
26,MADIPUR,SC,177913,1,KAILASH GANGWAL,MALE,53,SC,BJP,Lotus,51824,195,52019,46.08,29.24,112522,368,112890,63.45
26,MADIPUR,SC,177913,2,RAKHI BIRLA,FEMALE,37,SC,AAAP,Broom,41034,86,41120,36.42,23.11,112522,368,112890,63.45
26,MADIPUR,SC,177913,3,J. P. PANWAR,MALE,53,SC,INC,Hand,17878,80,17958,15.91,10.09,112522,368,112890,63.45
26,MADIPUR,SC,177913,4,NOTA,,,NOTA,NOTA,773,5,778,0.69,0.44,112522,368,112890,63.45
26,MADIPUR,SC,177913,5,ROOP SINGH AHIRWAR,MALE,58,SC,BSP,Elephant,319,2,321,0.28,0.18,112522,368,112890,63.45
26,MADIPUR,SC,177913,6,DHARAMVEER,MALE,31,SC,IND,Coat,206,0,206,0.18,0.12,112522,368,112890,63.45
26,MADIPUR,SC,177913,7,RANDHIR SINGH TANDI,MALE,37,SC,JMBP,Flute,204,0,204,0.18,0.11,112522,368,112890,63.45
26,MADIPUR,SC,177913,8,RAVI,MALE,37,SC,IND,Bucket,113,0,113,0.1,0.06,112522,368,112890,63.45
26,MADIPUR,SC,177913,9,ROHIT KASHYAP,MALE,32,SC,HSVP,Binoculars,105,0,105,0.09,0.06,112522,368,112890,63.45
26,MADIPUR,SC,177913,10,RANDHIR KUMAR,MALE,49,SC,ASSP,Gas cylinder,66,0,66,0.06,0.04,112522,368,112890,63.45
27,RAJOURI GARDEN,GENERAL,181549,1,MANJINDER SINGH SIRSA,MALE,52,GENERAL,BJP,Lotus,63883,249,64132,55.86,35.32,114415,391,114806,63.24
27,RAJOURI GARDEN,GENERAL,181549,2,A DHANWATI CHANDELA A,FEMALE,65,GENERAL,AAAP,Broom,45835,107,45942,40.02,25.31,114415,391,114806,63.24
27,RAJOURI GARDEN,GENERAL,181549,3,DHARAM PAL CHANDELA,MALE,70,GENERAL,INC,Hand,3171,27,3198,2.79,1.76,114415,391,114806,63.24
27,RAJOURI GARDEN,GENERAL,181549,4,NOTA,,,NOTA,NOTA,778,5,783,0.68,0.43,114415,391,114806,63.24
27,RAJOURI GARDEN,GENERAL,181549,5,SHASHI PABHA,FEMALE,33,GENERAL,BSP,Elephant,286,2,288,0.25,0.16,114415,391,114806,63.24
27,RAJOURI GARDEN,GENERAL,181549,6,KARAN TALWAR,MALE,34,GENERAL,AADMPRVTNP,Battery Torch,225,0,225,0.2,0.12,114415,391,114806,63.24
27,RAJOURI GARDEN,GENERAL,181549,7,JAYA RAMAN,MALE,62,GENERAL,SJVP,Water melon,89,0,89,0.08,0.05,114415,391,114806,63.24
27,RAJOURI GARDEN,GENERAL,181549,8,VISHAL SANGWAN,MALE,27,GENERAL,RTORP,Pressure cooker,84,0,84,0.07,0.05,114415,391,114806,63.24
27,RAJOURI GARDEN,GENERAL,181549,9,KAMLA DEVI,FEMALE,59,GENERAL,AAPP,Kettle,64,1,65,0.06,0.04,114415,391,114806,63.24
28,HARI NAGAR,GENERAL,169464,1,SHYAM SHARMA,MALE,60,GENERAL,BJP,Lotus,49608,571,50179,48.7,29.61,102062,978,103040,60.8
28,HARI NAGAR,GENERAL,169464,2,SURINDER KUMAR SETIA,MALE,66,GENERAL,AAAP,Broom,43262,285,43547,42.26,25.7,102062,978,103040,60.8
28,HARI NAGAR,GENERAL,169464,3,PREM BALLABH,MALE,54,GENERAL,INC,Hand,4175,77,4252,4.13,2.51,102062,978,103040,60.8
28,HARI NAGAR,GENERAL,169464,4,RAJ KUMARI DHILLON,FEMALE,62,GENERAL,IND,Bat,3367,31,3398,3.3,2.01,102062,978,103040,60.8
28,HARI NAGAR,GENERAL,169464,5,NOTA,,,NOTA,NOTA,705,8,713,0.69,0.42,102062,978,103040,60.8
28,HARI NAGAR,GENERAL,169464,6,BINDU KUMAR,MALE,61,SC,BSP,Elephant,566,3,569,0.55,0.34,102062,978,103040,60.8
28,HARI NAGAR,GENERAL,169464,7,MAYANK MEHTA,MALE,26,GENERAL,IND,Ice cream,98,0,98,0.1,0.06,102062,978,103040,60.8
28,HARI NAGAR,GENERAL,169464,8,SABIR KHAN,MALE,49,GENERAL,IND,Battery Torch,89,2,91,0.09,0.05,102062,978,103040,60.8
28,HARI NAGAR,GENERAL,169464,9,MOHAN LAL BHARDWAJ,MALE,60,GENERAL,BHRJWNKP,Matchbox,83,0,83,0.08,0.05,102062,978,103040,60.8
28,HARI NAGAR,GENERAL,169464,10,PREETAM CHAND,MALE,32,GENERAL,RJSPS,Chakki,81,0,81,0.08,0.05,102062,978,103040,60.8
28,HARI NAGAR,GENERAL,169464,11,ASHOK KUMAR,MALE,75,GENERAL,IND,"Basket containing Fruits",28,1,29,0.03,0.02,102062,978,103040,60.8
29,TILAK NAGAR,GENERAL,160038,1,JARNAIL SINGH,MALE,43,GENERAL,AAAP,Broom,51955,179,52134,54.02,32.58,96036,467,96503,60.3
29,TILAK NAGAR,GENERAL,160038,2,SHVETA SAINI,FEMALE,48,GENERAL,BJP,Lotus,40233,245,40478,41.94,25.29,96036,467,96503,60.3
29,TILAK NAGAR,GENERAL,160038,3,PARVINDER SINGH ALIAS P S BAWA,MALE,67,GENERAL,INC,Hand,2716,31,2747,2.85,1.72,96036,467,96503,60.3
29,TILAK NAGAR,GENERAL,160038,4,NOTA,,,NOTA,NOTA,600,7,607,0.63,0.38,96036,467,96503,60.3
29,TILAK NAGAR,GENERAL,160038,5,ASHOK KUMAR GAUTAM,MALE,45,GENERAL,BSP,Elephant,296,5,301,0.31,0.19,96036,467,96503,60.3
29,TILAK NAGAR,GENERAL,160038,6,SHWETA,FEMALE,28,GENERAL,IND,Diamond,145,0,145,0.15,0.09,96036,467,96503,60.3
29,TILAK NAGAR,GENERAL,160038,7,RAJIV KUMAR BABBAR,MALE,35,GENERAL,IND,Cauliflower,91,0,91,0.09,0.06,96036,467,96503,60.3
30,JANAKPURI,GENERAL,198396,1,ASHISH SOOD,MALE,58,GENERAL,BJP,Lotus,68564,422,68986,55.27,34.77,124168,651,124819,62.91
30,JANAKPURI,GENERAL,198396,2,PARVEEN KUMAR,MALE,37,GENERAL,AAAP,Broom,50045,175,50220,40.23,25.31,124168,651,124819,62.91
30,JANAKPURI,GENERAL,198396,3,HARBANI KAUR,FEMALE,33,GENERAL,INC,Hand,3305,40,3345,2.68,1.69,124168,651,124819,62.91
30,JANAKPURI,GENERAL,198396,4,NOTA,,,NOTA,NOTA,684,7,691,0.55,0.35,124168,651,124819,62.91
30,JANAKPURI,GENERAL,198396,5,RAVI PARTAP RAO,MALE,45,SC,BSP,Elephant,458,3,461,0.37,0.23,124168,651,124819,62.91
30,JANAKPURI,GENERAL,198396,6,PRAVEEN KUMAR,MALE,43,GENERAL,IND,Flute,210,0,210,0.17,0.11,124168,651,124819,62.91
30,JANAKPURI,GENERAL,198396,7,PRAVEEN KUMAR,MALE,63,GENERAL,IND,Brush,193,0,193,0.15,0.1,124168,651,124819,62.91
30,JANAKPURI,GENERAL,198396,8,ALTAF AHMAD,MALE,44,GENERAL,IND,Tooth brush,182,1,183,0.15,0.09,124168,651,124819,62.91
30,JANAKPURI,GENERAL,198396,9,MOHD OJER,MALE,53,GENERAL,AAS,Battery Torch,91,0,91,0.07,0.05,124168,651,124819,62.91
30,JANAKPURI,GENERAL,198396,10,MD NAVEEN,MALE,51,GENERAL,NCP,Clock,80,0,80,0.06,0.04,124168,651,124819,62.91
30,JANAKPURI,GENERAL,198396,11,CHAMAN LAL VERMA,MALE,72,GENERAL,AJPty,CCTV Camera,69,1,70,0.06,0.04,124168,651,124819,62.91
30,JANAKPURI,GENERAL,198396,12,DHARAM VEER,MALE,51,GENERAL,SBSP,Walking stick,61,0,61,0.05,0.03,124168,651,124819,62.91
30,JANAKPURI,GENERAL,198396,13,TARUN KUMAR SHARMA,MALE,42,GENERAL,IND,Nagrik,60,0,60,0.05,0.03,124168,651,124819,62.91
30,JANAKPURI,GENERAL,198396,14,ASHISH SOOD,MALE,37,GENERAL,IND,Cauliflower,56,1,57,0.05,0.03,124168,651,124819,62.91
30,JANAKPURI,GENERAL,198396,15,KASHMIR CHAND,MALE,75,GENERAL,BLNDBHRTP,Gas cylinder,47,1,48,0.04,0.02,124168,651,124819,62.91
30,JANAKPURI,GENERAL,198396,16,NIZAMUDDIN KHAN,MALE,39,GENERAL,AACP,Batsman,43,0,43,0.03,0.02,124168,651,124819,62.91
30,JANAKPURI,GENERAL,198396,17,RAJ KUMAR,MALE,55,GENERAL,AINRS,Ring,20,0,20,0.02,0.01,124168,651,124819,62.91
31,VIKASPURI,GENERAL,464659,1,PANKAJ KUMAR SINGH,MALE,48,GENERAL,BJP,Lotus,135038,526,135564,49.54,29.17,272764,884,273648,58.89
31,VIKASPURI,GENERAL,464659,2,MAHINDER YADAV,MALE,61,GENERAL,AAAP,Broom,122419,269,122688,44.83,26.4,272764,884,273648,58.89
31,VIKASPURI,GENERAL,464659,3,JITENDER SOLANKI,MALE,43,GENERAL,INC,Hand,8397,68,8465,3.09,1.82,272764,884,273648,58.89
31,VIKASPURI,GENERAL,464659,4,KRISHNA THAKUR,MALE,45,GENERAL,BSP,Elephant,2632,10,2642,0.97,0.57,272764,884,273648,58.89
31,VIKASPURI,GENERAL,464659,5,NOTA,,,NOTA,NOTA,1452,8,1460,0.53,0.31,272764,884,273648,58.89
31,VIKASPURI,GENERAL,464659,6,SHEJO VARGHESE,MALE,28,GENERAL,CPI,"Ears of corn and sickle",685,2,687,0.25,0.15,272764,884,273648,58.89
31,VIKASPURI,GENERAL,464659,7,UMESH CHAUHAN,MALE,35,SC,ASPKR,Kettle,443,0,443,0.16,0.1,272764,884,273648,58.89
31,VIKASPURI,GENERAL,464659,8,SHARDA DIXIT,FEMALE,64,GENERAL,SUCI,Battery Torch,420,0,420,0.15,0.09,272764,884,273648,58.89
31,VIKASPURI,GENERAL,464659,9,HIRA LAL SAH,MALE,37,GENERAL,IND,Diamond,390,1,391,0.14,0.08,272764,884,273648,58.89
31,VIKASPURI,GENERAL,464659,10,LALA RAM,MALE,58,GENERAL,BHRTPNCLP,Flute,297,0,297,0.11,0.06,272764,884,273648,58.89
31,VIKASPURI,GENERAL,464659,11,AMAN SAINI,MALE,37,GENERAL,IND,Bucket,286,0,286,0.1,0.06,272764,884,273648,58.89
31,VIKASPURI,GENERAL,464659,12,RANJEET KUMAR,MALE,44,GENERAL,RSHTMNVP,Nagrik,139,0,139,0.05,0.03,272764,884,273648,58.89
31,VIKASPURI,GENERAL,464659,13,PREM PAL SINGH,MALE,46,GENERAL,RJSPS,Chakki,97,0,97,0.04,0.02,272764,884,273648,58.89
31,VIKASPURI,GENERAL,464659,14,RAJU RICHARIYA,MALE,35,GENERAL,RRP,Balloon,69,0,69,0.03,0.01,272764,884,273648,58.89
32,UTTAM NAGAR,GENERAL,317118,1,PAWAN SHARMA,MALE,65,GENERAL,BJP,Lotus,103137,476,103613,52.84,32.67,195340,753,196093,61.84
32,UTTAM NAGAR,GENERAL,317118,2,POSH BALYAN,FEMALE,48,GENERAL,AAAP,Broom,73705,168,73873,37.67,23.3,195340,753,196093,61.84
32,UTTAM NAGAR,GENERAL,317118,3,MUKESH SHARMA,MALE,60,GENERAL,INC,Hand,15474,91,15565,7.94,4.91,195340,753,196093,61.84
32,UTTAM NAGAR,GENERAL,317118,4,NOTA,,,NOTA,NOTA,1209,8,1217,0.62,0.38,195340,753,196093,61.84
32,UTTAM NAGAR,GENERAL,317118,5,MANI RAM,MALE,57,SC,BSP,Elephant,983,8,991,0.51,0.31,195340,753,196093,61.84
32,UTTAM NAGAR,GENERAL,317118,6,DINESH KUMAR SAH,MALE,44,GENERAL,IND,Scissors,204,2,206,0.11,0.06,195340,753,196093,61.84
32,UTTAM NAGAR,GENERAL,317118,7,JOURNALIST RAMESH KUMAR JAIN @ NIRBHIK,MALE,48,GENERAL,IND,Camera,196,0,196,0.1,0.06,195340,753,196093,61.84
32,UTTAM NAGAR,GENERAL,317118,8,DUSHYANT THAKUR,MALE,29,GENERAL,YBRP,Bat,185,0,185,0.09,0.06,195340,753,196093,61.84
32,UTTAM NAGAR,GENERAL,317118,9,SHYAM BABU,MALE,55,SC,GaAP,Battery Torch,168,0,168,0.09,0.05,195340,753,196093,61.84
32,UTTAM NAGAR,GENERAL,317118,10,RAJIV BHRIGUKUMAR,MALE,57,GENERAL,RASLJP,Sewing machine,79,0,79,0.04,0.02,195340,753,196093,61.84
33,DWARKA,GENERAL,224528,1,PARDUYMN SINGH RAJPUT,MALE,60,GENERAL,BJP,Lotus,68832,305,69137,49.56,30.79,138968,536,139504,62.13
33,DWARKA,GENERAL,224528,2,VINAY MISHRA,MALE,42,GENERAL,AAAP,Broom,61136,172,61308,43.95,27.31,138968,536,139504,62.13
33,DWARKA,GENERAL,224528,3,ADARSH SHASTRI,MALE,51,GENERAL,INC,Hand,6723,50,6773,4.86,3.02,138968,536,139504,62.13
33,DWARKA,GENERAL,224528,4,NOTA,,,NOTA,NOTA,725,4,729,0.52,0.32,138968,536,139504,62.13
33,DWARKA,GENERAL,224528,5,PARDEEP KUMAR,MALE,43,GENERAL,BSP,Elephant,541,4,545,0.39,0.24,138968,536,139504,62.13
33,DWARKA,GENERAL,224528,6,RAMESHWAR MAHTO,MALE,46,GENERAL,RSHTMNVP,Nagrik,223,0,223,0.16,0.1,138968,536,139504,62.13
33,DWARKA,GENERAL,224528,7,ASHOK JINDAL,MALE,48,GENERAL,IND,Balloon,172,0,172,0.12,0.08,138968,536,139504,62.13
33,DWARKA,GENERAL,224528,8,ARAVENDRA KUMAR,MALE,47,GENERAL,SBSP,Walking stick,131,0,131,0.09,0.06,138968,536,139504,62.13
33,DWARKA,GENERAL,224528,9,RAJNEESH KUMAR JHA,MALE,41,GENERAL,NYP,Belt,130,0,130,0.09,0.06,138968,536,139504,62.13
33,DWARKA,GENERAL,224528,10,GAUTAM SINGH BIHARI,MALE,36,GENERAL,IND,Vacuum cleaner,104,0,104,0.07,0.05,138968,536,139504,62.13
33,DWARKA,GENERAL,224528,11,MEHAR CHARAN,MALE,56,GENERAL,SMJVKP,Electric pole,76,0,76,0.05,0.03,138968,536,139504,62.13
33,DWARKA,GENERAL,224528,12,RAVI RATHORE,MALE,40,GENERAL,rpsn,Gas cylinder,73,1,74,0.05,0.03,138968,536,139504,62.13
33,DWARKA,GENERAL,224528,13,G. THULASEEDHARAN,MALE,60,GENERAL,PpGP,Bucket,58,0,58,0.04,0.03,138968,536,139504,62.13
33,DWARKA,GENERAL,224528,14,YOGESH SWAMI,MALE,44,GENERAL,RTORP,Pressure cooker,44,0,44,0.03,0.02,138968,536,139504,62.13
34,MATIALA,GENERAL,456137,1,SANDEEP SEHRAWAT,MALE,32,GENERAL,BJP,Lotus,144938,1357,146295,52.46,32.07,276836,2058,278894,61.14
34,MATIALA,GENERAL,456137,2,SUMESH SHOKEEN,MALE,51,GENERAL,AAAP,Broom,117042,530,117572,42.16,25.78,276836,2058,278894,61.14
34,MATIALA,GENERAL,456137,3,RAGHVINDER SINGH,MALE,53,GENERAL,INC,Hand,9565,120,9685,3.47,2.12,276836,2058,278894,61.14
34,MATIALA,GENERAL,456137,4,NOTA,,,NOTA,NOTA,1994,24,2018,0.72,0.44,276836,2058,278894,61.14
34,MATIALA,GENERAL,456137,5,KAMLESH KUMAR,MALE,34,SC,BSP,Elephant,1116,18,1134,0.41,0.25,276836,2058,278894,61.14
34,MATIALA,GENERAL,456137,6,YOGESH KUMAR,MALE,39,GENERAL,IND,Bat,569,0,569,0.2,0.12,276836,2058,278894,61.14
34,MATIALA,GENERAL,456137,7,PUNAM PANDEY,FEMALE,49,GENERAL,IND,Green chilli,498,3,501,0.18,0.11,276836,2058,278894,61.14
34,MATIALA,GENERAL,456137,8,ARVIND KUMAR PANDEY,MALE,40,GENERAL,RJSPS,Chakki,345,0,345,0.12,0.08,276836,2058,278894,61.14
34,MATIALA,GENERAL,456137,9,RAJNI SHARMA,FEMALE,38,GENERAL,IND,Almirah,174,0,174,0.06,0.04,276836,2058,278894,61.14
34,MATIALA,GENERAL,456137,10,PRABHAT KUMAR,MALE,42,GENERAL,OBCP,Apple,157,5,162,0.06,0.04,276836,2058,278894,61.14
34,MATIALA,GENERAL,456137,11,VINOD KUMAR CHAUHAN,MALE,46,GENERAL,SBSP,Walking stick,156,1,157,0.06,0.03,276836,2058,278894,61.14
34,MATIALA,GENERAL,456137,12,YOGESH KUMAR SHARMA,MALE,46,GENERAL,RTORP,Pressure cooker,121,0,121,0.04,0.03,276836,2058,278894,61.14
34,MATIALA,GENERAL,456137,13,MOHINDER SINGH,MALE,35,SC,RRP,Air conditioner,88,0,88,0.03,0.02,276836,2058,278894,61.14
34,MATIALA,GENERAL,456137,14,NIRAJ KUMAR,MALE,45,GENERAL,NYP,Belt,73,0,73,0.03,0.02,276836,2058,278894,61.14
35,NAJAFGARH,GENERAL,278988,1,NEELAM PAHALWAN,FEMALE,43,GENERAL,BJP,Lotus,100058,1650,101708,56.4,36.46,177874,2460,180334,64.64
35,NAJAFGARH,GENERAL,278988,2,TARUN KUMAR,MALE,49,GENERAL,AAAP,Broom,72024,675,72699,40.31,26.06,177874,2460,180334,64.64
35,NAJAFGARH,GENERAL,278988,3,SUSHMA DEVI YADAV,FEMALE,56,GENERAL,INC,Hand,2839,63,2902,1.61,1.04,177874,2460,180334,64.64
35,NAJAFGARH,GENERAL,278988,4,NOTA,,,NOTA,NOTA,1317,29,1346,0.75,0.48,177874,2460,180334,64.64
35,NAJAFGARH,GENERAL,278988,5,ROHIT,MALE,34,SC,BSP,Elephant,873,30,903,0.5,0.32,177874,2460,180334,64.64
35,NAJAFGARH,GENERAL,278988,6,MANGE RAM SANGWAN,MALE,72,GENERAL,IND,Whistle,222,3,225,0.12,0.08,177874,2460,180334,64.64
35,NAJAFGARH,GENERAL,278988,7,JALANDHAR PANDIT,MALE,55,GENERAL,PBI,Flute,210,4,214,0.12,0.08,177874,2460,180334,64.64
35,NAJAFGARH,GENERAL,278988,8,MANOJ KUMAR,MALE,38,GENERAL,IND,Bat,173,0,173,0.1,0.06,177874,2460,180334,64.64
35,NAJAFGARH,GENERAL,278988,9,BHARAT SINGH,MALE,53,SC,PPID,"Basket containing Fruits",88,5,93,0.05,0.03,177874,2460,180334,64.64
35,NAJAFGARH,GENERAL,278988,10,RAHUL KUMAR,MALE,43,GENERAL,RTORP,Pressure cooker,70,1,71,0.04,0.03,177874,2460,180334,64.64
36,BIJWASAN,GENERAL,212804,1,KAILASH GAHLOT,MALE,50,GENERAL,BJP,Lotus,64587,364,64951,49.77,30.52,129845,659,130504,61.33
36,BIJWASAN,GENERAL,212804,2,SURENDER BHARDWAJ,MALE,47,GENERAL,AAAP,Broom,53462,213,53675,41.13,25.22,129845,659,130504,61.33
36,BIJWASAN,GENERAL,212804,3,COL DEVINDER KUMAR SEHRAWAT,MALE,59,GENERAL,INC,Hand,9334,75,9409,7.21,4.42,129845,659,130504,61.33
36,BIJWASAN,GENERAL,212804,4,NOTA,,,NOTA,NOTA,755,1,756,0.58,0.36,129845,659,130504,61.33
36,BIJWASAN,GENERAL,212804,5,KAMAL SINGH,MALE,50,SC,BSP,Elephant,698,4,702,0.54,0.33,129845,659,130504,61.33
36,BIJWASAN,GENERAL,212804,6,MONIS KURESHI,MALE,33,GENERAL,IND,Chimney,225,0,225,0.17,0.11,129845,659,130504,61.33
36,BIJWASAN,GENERAL,212804,7,NISHANT SEHRAWAT,MALE,38,GENERAL,IND,Razor,192,1,193,0.15,0.09,129845,659,130504,61.33
36,BIJWASAN,GENERAL,212804,8,PUNAM PANDEY,FEMALE,49,GENERAL,RLPI,Green chilli,153,0,153,0.12,0.07,129845,659,130504,61.33
36,BIJWASAN,GENERAL,212804,9,AMRINA,FEMALE,30,GENERAL,IND,CCTV Camera,113,0,113,0.09,0.05,129845,659,130504,61.33
36,BIJWASAN,GENERAL,212804,10,NARENDER SINGH,MALE,44,GENERAL,rpsn,Gas cylinder,96,0,96,0.07,0.05,129845,659,130504,61.33
36,BIJWASAN,GENERAL,212804,11,SOM DUTT SHARMA,MALE,59,GENERAL,IND,Almirah,91,1,92,0.07,0.04,129845,659,130504,61.33
36,BIJWASAN,GENERAL,212804,12,NAVEEN KUMAR,MALE,36,GENERAL,HSVP,Binoculars,91,0,91,0.07,0.04,129845,659,130504,61.33
36,BIJWASAN,GENERAL,212804,13,LALITA TRIVEDI,FEMALE,28,GENERAL,BKrD,Diesel pump,48,0,48,0.04,0.02,129845,659,130504,61.33
37,PALAM,GENERAL,259806,1,KULDEEP SOLANKI,MALE,58,GENERAL,BJP,Lotus,81589,457,82046,50.45,31.58,161848,767,162615,62.59
37,PALAM,GENERAL,259806,2,JOGINDER SOLANKI,MALE,42,GENERAL,AAAP,Broom,72844,250,73094,44.95,28.13,161848,767,162615,62.59
37,PALAM,GENERAL,259806,3,MANGE RAM,MALE,56,GENERAL,INC,Hand,4655,42,4697,2.89,1.81,161848,767,162615,62.59
37,PALAM,GENERAL,259806,4,NOTA,,,NOTA,NOTA,1109,10,1119,0.69,0.43,161848,767,162615,62.59
37,PALAM,GENERAL,259806,5,GEETA,FEMALE,39,GENERAL,BSP,Elephant,805,5,810,0.5,0.31,161848,767,162615,62.59
37,PALAM,GENERAL,259806,6,DILIP KUMAR,MALE,46,GENERAL,CPI,"Ears of corn and sickle",325,1,326,0.2,0.13,161848,767,162615,62.59
37,PALAM,GENERAL,259806,7,PRASHANT CHAUHAN,MALE,30,GENERAL,IND,Diamond,301,1,302,0.19,0.12,161848,767,162615,62.59
37,PALAM,GENERAL,259806,8,MANU GAUTAM,FEMALE,31,GENERAL,PPID,"Basket containing Fruits",220,1,221,0.14,0.09,161848,767,162615,62.59
38,DELHI CANTT,GENERAL,80041,1,VIRENDER SINGH KADIAN,MALE,49,GENERAL,AAAP,Broom,22140,51,22191,46.76,27.72,47293,165,47458,59.29
38,DELHI CANTT,GENERAL,80041,2,BHUVAN TANWAR,MALE,36,GENERAL,BJP,Lotus,20073,89,20162,42.48,25.19,47293,165,47458,59.29
38,DELHI CANTT,GENERAL,80041,3,PRADEEP KUMAR UPMANYU,MALE,63,GENERAL,INC,Hand,4230,22,4252,8.96,5.31,47293,165,47458,59.29
38,DELHI CANTT,GENERAL,80041,4,NOTA,,,NOTA,NOTA,327,3,330,0.7,0.41,47293,165,47458,59.29
38,DELHI CANTT,GENERAL,80041,5,NAMIT KUMAR GAUTAM,MALE,26,SC,BSP,Elephant,232,0,232,0.49,0.29,47293,165,47458,59.29
38,DELHI CANTT,GENERAL,80041,6,ASHOK AGYANI,MALE,54,GENERAL,IND,Sitar,149,0,149,0.31,0.19,47293,165,47458,59.29
38,DELHI CANTT,GENERAL,80041,7,SURENDER KUMAR,MALE,51,SC,PPID,"Basket containing Fruits",72,0,72,0.15,0.09,47293,165,47458,59.29
38,DELHI CANTT,GENERAL,80041,8,SACHIN,MALE,31,SC,BSKRP,Auto-rickshaw,70,0,70,0.15,0.09,47293,165,47458,59.29
39,RAJINDER NAGAR,GENERAL,158029,1,UMANG BAJAJ,MALE,31,GENERAL,BJP,Lotus,46391,280,46671,48.01,29.53,96751,460,97211,61.51
39,RAJINDER NAGAR,GENERAL,158029,2,DURGESH PATHAK,MALE,36,GENERAL,AAAP,Broom,45290,150,45440,46.74,28.75,96751,460,97211,61.51
39,RAJINDER NAGAR,GENERAL,158029,3,VINEET YADAV,MALE,30,GENERAL,INC,Hand,3995,20,4015,4.13,2.54,96751,460,97211,61.51
39,RAJINDER NAGAR,GENERAL,158029,4,NOTA,,,NOTA,NOTA,565,6,571,0.59,0.36,96751,460,97211,61.51
39,RAJINDER NAGAR,GENERAL,158029,5,PRAVEEN KUMAR BHARTI,MALE,44,GENERAL,ASPKR,Kettle,155,0,155,0.16,0.1,96751,460,97211,61.51
39,RAJINDER NAGAR,GENERAL,158029,6,SHIV PRASAD VERMA,MALE,58,GENERAL,BSP,Elephant,147,3,150,0.15,0.09,96751,460,97211,61.51
39,RAJINDER NAGAR,GENERAL,158029,7,UMANG,MALE,25,GENERAL,IND,Cauliflower,143,1,144,0.15,0.09,96751,460,97211,61.51
39,RAJINDER NAGAR,GENERAL,158029,8,PANKAJ JAGYA,MALE,46,GENERAL,RPPRINAT,Coconut farm,65,0,65,0.07,0.04,96751,460,97211,61.51
40,NEW DELHI,GENERAL,108788,1,PARVESH SAHIB SINGH,MALE,47,GENERAL,BJP,Lotus,29878,210,30088,48.82,27.66,61244,392,61636,56.66
40,NEW DELHI,GENERAL,108788,2,ARVIND KEJRIWAL,MALE,56,GENERAL,AAAP,Broom,25865,134,25999,42.18,23.9,61244,392,61636,56.66
40,NEW DELHI,GENERAL,108788,3,SANDEEP DIKSHIT,MALE,60,GENERAL,INC,Hand,4531,37,4568,7.41,4.2,61244,392,61636,56.66
40,NEW DELHI,GENERAL,108788,4,NOTA,,,NOTA,NOTA,306,8,314,0.51,0.29,61244,392,61636,56.66
40,NEW DELHI,GENERAL,108788,5,VIRENDER,MALE,27,SC,BSP,Elephant,142,0,142,0.23,0.13,61244,392,61636,56.66
40,NEW DELHI,GENERAL,108788,6,DR. MUNISH KUMAR RAIZADA,MALE,56,GENERAL,BHLBP,Dustbin,75,1,76,0.12,0.07,61244,392,61636,56.66
40,NEW DELHI,GENERAL,108788,7,ANURADHA RANA,FEMALE,48,SC,IND,Bat,72,0,72,0.12,0.07,61244,392,61636,56.66
40,NEW DELHI,GENERAL,108788,8,ANITA,FEMALE,34,GENERAL,IND,Pencil box,55,0,55,0.09,0.05,61244,392,61636,56.66
40,NEW DELHI,GENERAL,108788,9,SANTOSH RAI,MALE,50,GENERAL,ABHNVBHRTP,"Pen nib with seven rays",53,0,53,0.09,0.05,61244,392,61636,56.66
40,NEW DELHI,GENERAL,108788,10,DUGGIRALA NAGESWARA RAO,MALE,40,GENERAL,JJSP,Green chilli,39,0,39,0.06,0.04,61244,392,61636,56.66
40,NEW DELHI,GENERAL,108788,11,NARESH KUMAR,MALE,66,GENERAL,AAPP,Battery Torch,37,0,37,0.06,0.03,61244,392,61636,56.66
40,NEW DELHI,GENERAL,108788,12,DR. ABHILASHA,FEMALE,49,GENERAL,IND,CCTV Camera,31,0,31,0.05,0.03,61244,392,61636,56.66
40,NEW DELHI,GENERAL,108788,13,SANTOSH KUMAR,MALE,48,GENERAL,RTORP,Pressure cooker,30,0,30,0.05,0.03,61244,392,61636,56.66
40,NEW DELHI,GENERAL,108788,14,JAGDEESH PRASAD,MALE,59,GENERAL,SAMBHP,Diamond,22,0,22,0.04,0.02,61244,392,61636,56.66
40,NEW DELHI,GENERAL,108788,15,ARUN KUMAR SHARMA,MALE,72,GENERAL,DJP,Whistle,21,0,21,0.03,0.02,61244,392,61636,56.66
40,NEW DELHI,GENERAL,108788,16,SANJAY RAWAT,MALE,51,GENERAL,IND,Football player,16,1,17,0.03,0.02,61244,392,61636,56.66
40,NEW DELHI,GENERAL,108788,17,RAVINDER SINGH RAWAT,MALE,41,GENERAL,HRJSP,Gas cylinder,14,1,15,0.02,0.01,61244,392,61636,56.66
40,NEW DELHI,GENERAL,108788,18,BHAWANA,FEMALE,25,GENERAL,IND,Sitar,11,0,11,0.02,0.01,61244,392,61636,56.66
40,NEW DELHI,GENERAL,108788,19,HAIDER ALI,MALE,34,GENERAL,IND,Harmonium,9,0,9,0.01,0.01,61244,392,61636,56.66
40,NEW DELHI,GENERAL,108788,20,PANKAJ SHARMA,MALE,39,GENERAL,IND,Shoe,9,0,9,0.01,0.01,61244,392,61636,56.66
40,NEW DELHI,GENERAL,108788,21,SANGHA NAND BAUDDH,MALE,52,GENERAL,BHMS,Auto-rickshaw,8,0,8,0.01,0.01,61244,392,61636,56.66
40,NEW DELHI,GENERAL,108788,22,MUKESH JAIN,MALE,62,GENERAL,RSTJLKPS,Cot,8,0,8,0.01,0.01,61244,392,61636,56.66
40,NEW DELHI,GENERAL,108788,23,NITYA NAND SINGH,MALE,50,GENERAL,RSHTMNVP,Nagrik,8,0,8,0.01,0.01,61244,392,61636,56.66
40,NEW DELHI,GENERAL,108788,24,ISHWAR CHAND,MALE,72,SC,BDPty,Iron,4,0,4,0.01,0,61244,392,61636,56.66
41,JANGPURA,GENERAL,148236,1,TARVINDER SINGH MARWAH,MALE,64,GENERAL,BJP,Lotus,38675,184,38859,45.44,26.21,85193,318,85511,57.69
41,JANGPURA,GENERAL,148236,2,MANISH SISODIA,MALE,52,GENERAL,AAAP,Broom,38081,103,38184,44.65,25.76,85193,318,85511,57.69
41,JANGPURA,GENERAL,148236,3,FARHAD SURI,MALE,68,GENERAL,INC,Hand,7324,26,7350,8.6,4.96,85193,318,85511,57.69
41,JANGPURA,GENERAL,148236,4,NOTA,,,NOTA,NOTA,438,3,441,0.52,0.3,85193,318,85511,57.69
41,JANGPURA,GENERAL,148236,5,ASHOK BAMBANI,MALE,54,GENERAL,IND,"Tennis racket & ball",170,1,171,0.2,0.12,85193,318,85511,57.69
41,JANGPURA,GENERAL,148236,6,RAVINDRA SINGH RAVIYODAYA,MALE,58,GENERAL,BSP,Elephant,154,1,155,0.18,0.1,85193,318,85511,57.69
41,JANGPURA,GENERAL,148236,7,BIJENDER,MALE,29,GENERAL,HRJSP,Battery Torch,119,0,119,0.14,0.08,85193,318,85511,57.69
41,JANGPURA,GENERAL,148236,8,SUNIL KUMAR KUKREJA,MALE,63,GENERAL,IND,Batsman,80,0,80,0.09,0.05,85193,318,85511,57.69
41,JANGPURA,GENERAL,148236,9,RAKESH SAGAR,MALE,59,SC,BLIP,Kettle,78,0,78,0.09,0.05,85193,318,85511,57.69
41,JANGPURA,GENERAL,148236,10,ANIL KUMAR,MALE,48,GENERAL,BhaRP,Whistle,74,0,74,0.09,0.05,85193,318,85511,57.69
42,KASTURBA NAGAR,GENERAL,155607,1,NEERAJ BASOYA,MALE,49,GENERAL,BJP,Lotus,37896,171,38067,45.06,24.46,84148,335,84483,54.29
42,KASTURBA NAGAR,GENERAL,155607,2,ABHISHEK DUTT,MALE,44,GENERAL,INC,Hand,26918,101,27019,31.98,17.36,84148,335,84483,54.29
42,KASTURBA NAGAR,GENERAL,155607,3,RAMESH PAHELWAN,MALE,53,GENERAL,AAAP,Broom,18558,59,18617,22.04,11.96,84148,335,84483,54.29
42,KASTURBA NAGAR,GENERAL,155607,4,NOTA,,,NOTA,NOTA,470,2,472,0.56,0.3,84148,335,84483,54.29
42,KASTURBA NAGAR,GENERAL,155607,5,PARTEEK GUPTA,MALE,36,GENERAL,IND,Battery Torch,157,1,158,0.19,0.1,84148,335,84483,54.29
42,KASTURBA NAGAR,GENERAL,155607,6,MAHESH KUMAR,MALE,36,SC,BSP,Elephant,149,1,150,0.18,0.1,84148,335,84483,54.29
43,MALVIYA NAGAR,GENERAL,156372,1,SATISH UPADHYAY,MALE,62,GENERAL,BJP,Lotus,39216,348,39564,46.53,25.3,84491,544,85035,54.38
43,MALVIYA NAGAR,GENERAL,156372,2,SOMNATH BHARTI,MALE,50,GENERAL,AAAP,Broom,37280,153,37433,44.02,23.94,84491,544,85035,54.38
43,MALVIYA NAGAR,GENERAL,156372,3,JITENDER KUMAR KOCHAR,MALE,60,GENERAL,INC,Hand,6734,36,6770,7.96,4.33,84491,544,85035,54.38
43,MALVIYA NAGAR,GENERAL,156372,4,NOTA,,,NOTA,NOTA,526,6,532,0.63,0.34,84491,544,85035,54.38
43,MALVIYA NAGAR,GENERAL,156372,5,CHARANJEET KAUR,FEMALE,61,GENERAL,BSP,Elephant,237,1,238,0.28,0.15,84491,544,85035,54.38
43,MALVIYA NAGAR,GENERAL,156372,6,MEGHNAD S.,MALE,35,GENERAL,IND,"Pen nib with seven rays",192,0,192,0.23,0.12,84491,544,85035,54.38
43,MALVIYA NAGAR,GENERAL,156372,7,DR. BHUPENDRA CHAURASIYA,MALE,37,GENERAL,YBRP,Bat,162,0,162,0.19,0.1,84491,544,85035,54.38
43,MALVIYA NAGAR,GENERAL,156372,8,BHAVISH DHANKAR,MALE,38,GENERAL,BRJ,Battery Torch,144,0,144,0.17,0.09,84491,544,85035,54.38
44,R. K. PURAM,GENERAL,141016,1,ANIL KUMAR SHARMA,MALE,53,GENERAL,BJP,Lotus,42965,295,43260,56.55,30.68,76017,486,76503,54.25
44,R. K. PURAM,GENERAL,141016,2,PRAMILA TOKAS,FEMALE,47,GENERAL,AAAP,Broom,28652,155,28807,37.65,20.43,76017,486,76503,54.25
44,R. K. PURAM,GENERAL,141016,3,VISHESH KUMAR,MALE,38,GENERAL,INC,Hand,3048,31,3079,4.02,2.18,76017,486,76503,54.25
44,R. K. PURAM,GENERAL,141016,4,NOTA,,,NOTA,NOTA,545,4,549,0.72,0.39,76017,486,76503,54.25
44,R. K. PURAM,GENERAL,141016,5,SUNIL KAIN,MALE,49,SC,BSP,Elephant,202,0,202,0.26,0.14,76017,486,76503,54.25
44,R. K. PURAM,GENERAL,141016,6,RAMESH ADVOCATE,MALE,39,SC,IND,Flute,100,0,100,0.13,0.07,76017,486,76503,54.25
44,R. K. PURAM,GENERAL,141016,7,NEERAJ CHOURASIYA,MALE,35,GENERAL,YBRP,Bat,99,0,99,0.13,0.07,76017,486,76503,54.25
44,R. K. PURAM,GENERAL,141016,8,PERMILA,FEMALE,45,GENERAL,IND,Battery Torch,87,1,88,0.12,0.06,76017,486,76503,54.25
44,R. K. PURAM,GENERAL,141016,9,LOKESH KUMAR MASTERJI,MALE,48,GENERAL,RRP,Computer,76,0,76,0.1,0.05,76017,486,76503,54.25
44,R. K. PURAM,GENERAL,141016,10,RAI SINGH,MALE,67,GENERAL,IND,Auto-rickshaw,76,0,76,0.1,0.05,76017,486,76503,54.25
44,R. K. PURAM,GENERAL,141016,11,KULDEEP SINGH AHLAWAT,MALE,62,GENERAL,IND,Matchbox,55,0,55,0.07,0.04,76017,486,76503,54.25
44,R. K. PURAM,GENERAL,141016,12,VIJAY KUMAR,MALE,58,SC,PPID,"Basket containing Fruits",52,0,52,0.07,0.04,76017,486,76503,54.25
44,R. K. PURAM,GENERAL,141016,13,SARAVANAN,MALE,42,GENERAL,RSHTMNVP,Nagrik,35,0,35,0.05,0.02,76017,486,76503,54.25
44,R. K. PURAM,GENERAL,141016,14,ABHA JHA,FEMALE,43,GENERAL,BTMSP,Telephone,25,0,25,0.03,0.02,76017,486,76503,54.25
45,MEHRAULI,GENERAL,217863,1,GAJENDER SINGH YADAV,MALE,48,GENERAL,BJP,Lotus,48022,327,48349,41.67,22.19,115419,615,116034,53.26
45,MEHRAULI,GENERAL,217863,2,MAHENDER CHAUDHARY,MALE,40,GENERAL,AAAP,Broom,46426,141,46567,40.13,21.37,115419,615,116034,53.26
45,MEHRAULI,GENERAL,217863,3,BALYOGI BABA BALAKNATH,MALE,34,GENERAL,IND,Battery Torch,9685,46,9731,8.39,4.47,115419,615,116034,53.26
45,MEHRAULI,GENERAL,217863,4,PUSHPA SINGH,FEMALE,56,GENERAL,INC,Hand,9250,88,9338,8.05,4.29,115419,615,116034,53.26
45,MEHRAULI,GENERAL,217863,5,NOTA,,,NOTA,NOTA,840,6,846,0.73,0.39,115419,615,116034,53.26
45,MEHRAULI,GENERAL,217863,6,YOGESHWAR SINGH BISHT,MALE,51,GENERAL,BSP,Elephant,771,7,778,0.67,0.36,115419,615,116034,53.26
45,MEHRAULI,GENERAL,217863,7,MAHAVIR SINGH,MALE,49,GENERAL,MTRBHMSWP,Laptop,181,0,181,0.16,0.08,115419,615,116034,53.26
45,MEHRAULI,GENERAL,217863,8,SHARDA SINGH,MALE,37,GENERAL,RTORP,Pressure cooker,140,0,140,0.12,0.06,115419,615,116034,53.26
45,MEHRAULI,GENERAL,217863,9,VIJAY LAL TAMTA,MALE,44,GENERAL,PPID,"Basket containing Fruits",104,0,104,0.09,0.05,115419,615,116034,53.26
46,CHHATARPUR,GENERAL,260835,1,KARTAR SINGH TANWAR,MALE,62,GENERAL,BJP,Lotus,80128,341,80469,48.98,30.85,163683,616,164299,62.99
46,CHHATARPUR,GENERAL,260835,2,BRAHM SINGH TANWAR,MALE,72,GENERAL,AAAP,Broom,74029,201,74230,45.18,28.46,163683,616,164299,62.99
46,CHHATARPUR,GENERAL,260835,3,RAJENDER SINGH TANWAR,MALE,65,GENERAL,INC,Hand,6550,51,6601,4.02,2.53,163683,616,164299,62.99
46,CHHATARPUR,GENERAL,260835,4,NOTA,,,NOTA,NOTA,862,6,868,0.53,0.33,163683,616,164299,62.99
46,CHHATARPUR,GENERAL,260835,5,BRIJ LAL,MALE,47,SC,BSP,Elephant,739,11,750,0.46,0.29,163683,616,164299,62.99
46,CHHATARPUR,GENERAL,260835,6,DINESH TANWAR,MALE,45,GENERAL,AAPP,Battery Torch,293,0,293,0.18,0.11,163683,616,164299,62.99
46,CHHATARPUR,GENERAL,260835,7,DHARMENDER,MALE,53,SC,IND,Pan,268,1,269,0.16,0.1,163683,616,164299,62.99
46,CHHATARPUR,GENERAL,260835,8,SANJAY NEGI,MALE,48,GENERAL,IND,Bat,220,1,221,0.13,0.08,163683,616,164299,62.99
46,CHHATARPUR,GENERAL,260835,9,ISLAM ALI,MALE,67,GENERAL,ASPKR,Kettle,180,1,181,0.11,0.07,163683,616,164299,62.99
46,CHHATARPUR,GENERAL,260835,10,NARENDER,MALE,41,GENERAL,NCP,Clock,173,0,173,0.11,0.07,163683,616,164299,62.99
46,CHHATARPUR,GENERAL,260835,11,DAYA RAM GURJAR,MALE,53,GENERAL,IND,Apple,164,3,167,0.1,0.06,163683,616,164299,62.99
46,CHHATARPUR,GENERAL,260835,12,RICHA KUMARI,FEMALE,33,GENERAL,rpsn,Gas cylinder,77,0,77,0.05,0.03,163683,616,164299,62.99
47,DEOLI,SC,264359,1,PREM CHAUHAN,MALE,37,SC,AAAP,Broom,86774,115,86889,55.09,32.87,157434,300,157734,59.67
47,DEOLI,SC,264359,2,DEEPAK TANWAR,MALE,46,SC,LJPRV,Helicopter,50124,85,50209,31.83,18.99,157434,300,157734,59.67
47,DEOLI,SC,264359,3,RAJESH CHAUHAN,MALE,54,SC,INC,Hand,12147,64,12211,7.74,4.62,157434,300,157734,59.67
47,DEOLI,SC,264359,4,ASMITA,FEMALE,30,SC,BSP,Elephant,2569,12,2581,1.64,0.98,157434,300,157734,59.67
47,DEOLI,SC,264359,5,RAJA RAM,MALE,51,SC,BhaRP,Diamond,2225,4,2229,1.41,0.84,157434,300,157734,59.67
47,DEOLI,SC,264359,6,NOTA,,,NOTA,NOTA,2116,14,2130,1.35,0.81,157434,300,157734,59.67
47,DEOLI,SC,264359,7,BACHAN RAM,MALE,67,SC,MTRBHMSWP,Laptop,943,4,947,0.6,0.36,157434,300,157734,59.67
47,DEOLI,SC,264359,8,DEVIKA,FEMALE,52,SC,RASLJP,Sewing machine,536,2,538,0.34,0.2,157434,300,157734,59.67
48,AMBEDKAR NAGAR,SC,162952,1,DR. AJAY DUTT,MALE,49,SC,AAAP,Broom,46122,163,46285,47.62,28.4,96790,399,97189,59.64
48,AMBEDKAR NAGAR,SC,162952,2,KHUSHI RAM CHUNAR,MALE,50,SC,BJP,Lotus,41877,178,42055,43.27,25.81,96790,399,97189,59.64
48,AMBEDKAR NAGAR,SC,162952,3,JAI PRAKASH,MALE,41,SC,INC,Hand,7129,43,7172,7.38,4.4,96790,399,97189,59.64
48,AMBEDKAR NAGAR,SC,162952,4,NOTA,,,NOTA,NOTA,497,1,498,0.51,0.31,96790,399,97189,59.64
48,AMBEDKAR NAGAR,SC,162952,5,SEWA DASS,MALE,67,SC,BSP,Elephant,390,7,397,0.41,0.24,96790,399,97189,59.64
48,AMBEDKAR NAGAR,SC,162952,6,ARUN,MALE,38,SC,HRJSP,Battery Torch,302,0,302,0.31,0.19,96790,399,97189,59.64
48,AMBEDKAR NAGAR,SC,162952,7,DARSAN SINGH,MALE,63,SC,ASPKR,Kettle,255,6,261,0.27,0.16,96790,399,97189,59.64
48,AMBEDKAR NAGAR,SC,162952,8,ASHOK KUMAR,MALE,64,SC,IND,Auto-rickshaw,101,1,102,0.1,0.06,96790,399,97189,59.64
48,AMBEDKAR NAGAR,SC,162952,9,RAJIV KUMAR,MALE,39,SC,BhaRP,Diamond,85,0,85,0.09,0.05,96790,399,97189,59.64
48,AMBEDKAR NAGAR,SC,162952,10,GULSHAN BHARTI,MALE,32,SC,RTORP,Pressure cooker,32,0,32,0.03,0.02,96790,399,97189,59.64
49,SANGAM VIHAR,GENERAL,205647,1,CHANDAN KUMAR CHOUDHARY,MALE,44,GENERAL,BJP,Lotus,53980,69,54049,42.99,26.28,125571,143,125714,61.13
49,SANGAM VIHAR,GENERAL,205647,2,DINESH MOHANIYA,MALE,47,GENERAL,AAAP,Broom,53658,47,53705,42.72,26.12,125571,143,125714,61.13
49,SANGAM VIHAR,GENERAL,205647,3,HARSH CHOUDHARY,MALE,45,GENERAL,INC,Hand,15840,23,15863,12.62,7.71,125571,143,125714,61.13
49,SANGAM VIHAR,GENERAL,205647,4,MOHD ZAKIULLAH,MALE,52,GENERAL,BSP,Elephant,795,1,796,0.63,0.39,125571,143,125714,61.13
49,SANGAM VIHAR,GENERAL,205647,5,NOTA,,,NOTA,NOTA,534,3,537,0.43,0.26,125571,143,125714,61.13
49,SANGAM VIHAR,GENERAL,205647,6,JAGDISH KUMAR VERMA,MALE,51,GENERAL,IND,Battery Torch,195,0,195,0.16,0.09,125571,143,125714,61.13
49,SANGAM VIHAR,GENERAL,205647,7,SUDHIR NEGI,MALE,49,GENERAL,MTRBHMSWP,Laptop,143,0,143,0.11,0.07,125571,143,125714,61.13
49,SANGAM VIHAR,GENERAL,205647,8,MAHENDER KUMAR,MALE,35,GENERAL,IND,Bat,136,0,136,0.11,0.07,125571,143,125714,61.13
49,SANGAM VIHAR,GENERAL,205647,9,SIRAJUDDIN,MALE,57,GENERAL,ASPKR,Kettle,83,0,83,0.07,0.04,125571,143,125714,61.13
49,SANGAM VIHAR,GENERAL,205647,10,QAMAR ALI,MALE,44,GENERAL,NCP,Clock,78,0,78,0.06,0.04,125571,143,125714,61.13
49,SANGAM VIHAR,GENERAL,205647,11,RAVINDER SINGH,MALE,26,GENERAL,rpsn,Gas cylinder,68,0,68,0.05,0.03,125571,143,125714,61.13
49,SANGAM VIHAR,GENERAL,205647,12,SATPAL,MALE,53,GENERAL,IND,Belt,61,0,61,0.05,0.03,125571,143,125714,61.13
50,GREATER KAILASH,GENERAL,188445,1,SHIKHA ROY,FEMALE,60,GENERAL,BJP,Lotus,49370,224,49594,47.74,26.32,103446,438,103884,55.13
50,GREATER KAILASH,GENERAL,188445,2,SAURABH BHARADWAJ,MALE,45,GENERAL,AAAP,Broom,46231,175,46406,44.67,24.63,103446,438,103884,55.13
50,GREATER KAILASH,GENERAL,188445,3,GARVIT SINGHVI,MALE,37,GENERAL,INC,Hand,6677,34,6711,6.46,3.56,103446,438,103884,55.13
50,GREATER KAILASH,GENERAL,188445,4,NOTA,,,NOTA,NOTA,666,5,671,0.65,0.36,103446,438,103884,55.13
50,GREATER KAILASH,GENERAL,188445,5,NIYATI CHOUDHARY,FEMALE,34,GENERAL,BSP,Elephant,235,0,235,0.23,0.12,103446,438,103884,55.13
50,GREATER KAILASH,GENERAL,188445,6,SATISH KUMAR GULLIYA,MALE,46,GENERAL,BhaRP,Diamond,171,0,171,0.16,0.09,103446,438,103884,55.13
50,GREATER KAILASH,GENERAL,188445,7,RAMESH JAGANNATH SHAH,MALE,77,GENERAL,DJP,Whistle,96,0,96,0.09,0.05,103446,438,103884,55.13
51,KALKAJI,GENERAL,195339,1,ATISHI,FEMALE,43,GENERAL,AAAP,Broom,52058,96,52154,48.8,26.7,106598,278,106876,54.71
51,KALKAJI,GENERAL,195339,2,RAMESH BIDHURI,MALE,61,GENERAL,BJP,Lotus,48478,155,48633,45.5,24.9,106598,278,106876,54.71
51,KALKAJI,GENERAL,195339,3,ALKA LAMBA,FEMALE,49,GENERAL,INC,Hand,4367,25,4392,4.11,2.25,106598,278,106876,54.71
51,KALKAJI,GENERAL,195339,4,NOTA,,,NOTA,NOTA,556,0,556,0.52,0.28,106598,278,106876,54.71
51,KALKAJI,GENERAL,195339,5,PRITAM SINGH,MALE,40,SC,BSP,Elephant,421,0,421,0.39,0.22,106598,278,106876,54.71
51,KALKAJI,GENERAL,195339,6,TANYA SINGH,FEMALE,45,GENERAL,BhaRP,Diamond,193,0,193,0.18,0.1,106598,278,106876,54.71
51,KALKAJI,GENERAL,195339,7,DEEPAK KAPILA,MALE,61,GENERAL,AAS,Battery Torch,173,1,174,0.16,0.09,106598,278,106876,54.71
51,KALKAJI,GENERAL,195339,8,SANJAY,MALE,45,GENERAL,IND,Pressure cooker,89,0,89,0.08,0.05,106598,278,106876,54.71
51,KALKAJI,GENERAL,195339,9,RAJAN SINGH,THIRD,27,GENERAL,AJPI,Bat,84,1,85,0.08,0.04,106598,278,106876,54.71
51,KALKAJI,GENERAL,195339,10,PARVEEN CHOUDHRY,FEMALE,46,GENERAL,IND,Safety pin,58,0,58,0.05,0.03,106598,278,106876,54.71
51,KALKAJI,GENERAL,195339,11,RAVI,MALE,36,GENERAL,IND,Cube,39,0,39,0.04,0.02,106598,278,106876,54.71
51,KALKAJI,GENERAL,195339,12,IQBAL AHMED SIDDIQUI,MALE,49,GENERAL,IND,Room cooler,31,0,31,0.03,0.02,106598,278,106876,54.71
51,KALKAJI,GENERAL,195339,13,SANGH MITRA,FEMALE,39,GENERAL,BHMS,Gas cylinder,28,0,28,0.03,0.01,106598,278,106876,54.71
51,KALKAJI,GENERAL,195339,14,RAJESH KUMAR,MALE,42,SC,VJSP,Auto-rickshaw,23,0,23,0.02,0.01,106598,278,106876,54.71
52,TUGHLAKABAD,GENERAL,204867,1,SAHI RAM,MALE,65,GENERAL,AAAP,Broom,62073,82,62155,54.08,30.34,114760,178,114938,56.1
52,TUGHLAKABAD,GENERAL,204867,2,ROHTASH KUMAR,MALE,57,GENERAL,BJP,Lotus,47362,82,47444,41.28,23.16,114760,178,114938,56.1
52,TUGHLAKABAD,GENERAL,204867,3,VIRENDER SINGH,MALE,56,GENERAL,INC,Hand,2303,10,2313,2.01,1.13,114760,178,114938,56.1
52,TUGHLAKABAD,GENERAL,204867,4,AMJAD HASAN,MALE,54,GENERAL,BSP,Elephant,1604,2,1606,1.4,0.78,114760,178,114938,56.1
52,TUGHLAKABAD,GENERAL,204867,5,NOTA,,,NOTA,NOTA,534,2,536,0.47,0.26,114760,178,114938,56.1
52,TUGHLAKABAD,GENERAL,204867,6,PARVEEN CHAUHAN,MALE,35,GENERAL,SAP,Battery Torch,323,0,323,0.28,0.16,114760,178,114938,56.1
52,TUGHLAKABAD,GENERAL,204867,7,NARESH KUMAR,MALE,42,GENERAL,RTORP,Pressure cooker,199,0,199,0.17,0.1,114760,178,114938,56.1
52,TUGHLAKABAD,GENERAL,204867,8,REKHA SINGH,FEMALE,55,GENERAL,IND,CCTV Camera,143,0,143,0.12,0.07,114760,178,114938,56.1
52,TUGHLAKABAD,GENERAL,204867,9,KHURSHEED ABBAS ZAIDI,MALE,62,GENERAL,RBCP,Bucket,133,0,133,0.12,0.06,114760,178,114938,56.1
52,TUGHLAKABAD,GENERAL,204867,10,CHAMAN LAL,MALE,70,SC,PPID,"Basket containing Fruits",86,0,86,0.07,0.04,114760,178,114938,56.1
53,BADARPUR,GENERAL,364900,1,RAM SINGH NETAJI,MALE,69,GENERAL,AAAP,Broom,112809,182,112991,54.3,30.96,207643,452,208095,57.03
53,BADARPUR,GENERAL,364900,2,NARAYAN DUTT SHARMA,MALE,52,GENERAL,BJP,Lotus,86865,238,87103,41.86,23.87,207643,452,208095,57.03
53,BADARPUR,GENERAL,364900,3,ARJUN SINGH BHADANA,MALE,37,GENERAL,INC,Hand,3135,10,3145,1.51,0.86,207643,452,208095,57.03
53,BADARPUR,GENERAL,364900,4,PARDEEP,MALE,35,SC,BSP,Elephant,1955,10,1965,0.94,0.54,207643,452,208095,57.03
53,BADARPUR,GENERAL,364900,5,NOTA,,,NOTA,NOTA,908,7,915,0.44,0.25,207643,452,208095,57.03
53,BADARPUR,GENERAL,364900,6,RAHUL RAI,MALE,35,GENERAL,SAP,Battery Torch,466,0,466,0.22,0.13,207643,452,208095,57.03
53,BADARPUR,GENERAL,364900,7,JAGDISH CHAND,MALE,83,GENERAL,CPI(M),"Hammer, Sickle and Star",363,4,367,0.18,0.1,207643,452,208095,57.03
53,BADARPUR,GENERAL,364900,8,IMRAN SAIFI,MALE,41,GENERAL,NCP,Clock,322,0,322,0.15,0.09,207643,452,208095,57.03
53,BADARPUR,GENERAL,364900,9,DEEPAK RAWAT,MALE,37,GENERAL,IND,Flute,219,0,219,0.11,0.06,207643,452,208095,57.03
53,BADARPUR,GENERAL,364900,10,HARI RAM,MALE,53,SC,RBCP,Apple,185,0,185,0.09,0.05,207643,452,208095,57.03
53,BADARPUR,GENERAL,364900,11,OM PRAKASH GUPTA,MALE,72,GENERAL,IND,Bat,176,0,176,0.08,0.05,207643,452,208095,57.03
53,BADARPUR,GENERAL,364900,12,RAM BAHADUR,MALE,60,GENERAL,ABMVP,Helmet,133,1,134,0.06,0.04,207643,452,208095,57.03
53,BADARPUR,GENERAL,364900,13,BRIJPAL,MALE,46,SC,BSKRP,Auto-rickshaw,107,0,107,0.05,0.03,207643,452,208095,57.03
54,OKHLA,GENERAL,380354,1,AMANATULLAH KHAN,MALE,51,GENERAL,AAAP,Broom,88751,192,88943,42.45,23.38,209014,508,209522,55.09
54,OKHLA,GENERAL,380354,2,MANISH CHAUDHARY,MALE,37,GENERAL,BJP,Lotus,65157,147,65304,31.17,17.17,209014,508,209522,55.09
54,OKHLA,GENERAL,380354,3,SHIFA UR REHMAN KHAN,MALE,48,GENERAL,AIMIM,Kite,39498,60,39558,18.88,10.4,209014,508,209522,55.09
54,OKHLA,GENERAL,380354,4,ARIBA KHAN,FEMALE,31,GENERAL,INC,Hand,12638,101,12739,6.08,3.35,209014,508,209522,55.09
54,OKHLA,GENERAL,380354,5,SATISH KUMAR,MALE,38,GENERAL,BSP,Elephant,755,1,756,0.36,0.2,209014,508,209522,55.09
54,OKHLA,GENERAL,380354,6,NOTA,,,NOTA,NOTA,600,4,604,0.29,0.16,209014,508,209522,55.09
54,OKHLA,GENERAL,380354,7,SHER MOHAMMAD,MALE,48,GENERAL,AZSP,Kettle,287,3,290,0.14,0.08,209014,508,209522,55.09
54,OKHLA,GENERAL,380354,8,SHEIKH ARSALAN ULLAH CHISHTI,MALE,27,GENERAL,IND,Tongs,270,0,270,0.13,0.07,209014,508,209522,55.09
54,OKHLA,GENERAL,380354,9,MD INJAMAMUL HASSAN,MALE,30,GENERAL,CPI,"Ears of corn and sickle",259,0,259,0.12,0.07,209014,508,209522,55.09
54,OKHLA,GENERAL,380354,10,RIZWANA KHATOON,FEMALE,37,GENERAL,SUCI,Battery Torch,221,0,221,0.11,0.06,209014,508,209522,55.09
54,OKHLA,GENERAL,380354,11,HAMMAD KHAN,MALE,36,GENERAL,IND,Crane,180,0,180,0.09,0.05,209014,508,209522,55.09
54,OKHLA,GENERAL,380354,12,FIRDOS ALAM,MALE,30,GENERAL,BHAIP,Nail cutter,148,0,148,0.07,0.04,209014,508,209522,55.09
54,OKHLA,GENERAL,380354,13,KANEEZ FATIMA,FEMALE,49,GENERAL,AHNP,Envelope,126,0,126,0.06,0.03,209014,508,209522,55.09
54,OKHLA,GENERAL,380354,14,MOHD ISLAM,MALE,68,GENERAL,RTORP,Pressure cooker,83,0,83,0.04,0.02,209014,508,209522,55.09
54,OKHLA,GENERAL,380354,15,JAMALUDDIN,MALE,61,GENERAL,BLNDBHRTP,Gas cylinder,41,0,41,0.02,0.01,209014,508,209522,55.09
55,TRILOKPURI,SC,192949,1,RAVI KANT,MALE,32,SC,BJP,Lotus,58029,188,58217,46.1,30.17,125906,377,126283,65.45
55,TRILOKPURI,SC,192949,2,ANJANA PARCHA,FEMALE,45,SC,AAAP,Broom,57692,133,57825,45.79,29.97,125906,377,126283,65.45
55,TRILOKPURI,SC,192949,3,AMARDEEP,MALE,35,SC,INC,Hand,6115,32,6147,4.87,3.19,125906,377,126283,65.45
55,TRILOKPURI,SC,192949,4,VICKY,MALE,41,SC,ASPKR,Kettle,1677,4,1681,1.33,0.87,125906,377,126283,65.45
55,TRILOKPURI,SC,192949,5,NAND LAL,MALE,59,SC,BSP,Elephant,1309,13,1322,1.05,0.69,125906,377,126283,65.45
55,TRILOKPURI,SC,192949,6,NOTA,,,NOTA,NOTA,679,4,683,0.54,0.35,125906,377,126283,65.45
55,TRILOKPURI,SC,192949,7,NAVEEN RAM,MALE,52,SC,IND,Battery Torch,272,0,272,0.22,0.14,125906,377,126283,65.45
55,TRILOKPURI,SC,192949,8,SARITA SINGH,FEMALE,37,SC,ABHSLP,Triangle,133,3,136,0.11,0.07,125906,377,126283,65.45
56,KONDLI,SC,203721,1,KULDEEP KUMAR (MONU),MALE,35,SC,AAAP,Broom,61609,183,61792,48,30.33,128164,566,128730,63.19
56,KONDLI,SC,203721,2,PRIYANKA GAUTAM,FEMALE,39,SC,BJP,Lotus,55243,256,55499,43.11,27.24,128164,566,128730,63.19
56,KONDLI,SC,203721,3,AKSHAY KUMAR,MALE,37,SC,INC,Hand,7173,57,7230,5.62,3.55,128164,566,128730,63.19
56,KONDLI,SC,203721,4,MUKESH KUMAR,MALE,48,SC,BSP,Elephant,2388,50,2438,1.89,1.2,128164,566,128730,63.19
56,KONDLI,SC,203721,5,NOTA,,,NOTA,NOTA,771,5,776,0.6,0.38,128164,566,128730,63.19
56,KONDLI,SC,203721,6,SUNNY KUMAR,MALE,34,SC,ASPKR,Kettle,411,7,418,0.32,0.21,128164,566,128730,63.19
56,KONDLI,SC,203721,7,ASHA KAMBLE,FEMALE,51,SC,RPPRINAT,Coconut farm,188,0,188,0.15,0.09,128164,566,128730,63.19
56,KONDLI,SC,203721,8,SURENDER SINGH,MALE,55,SC,SBNP,Gas cylinder,166,1,167,0.13,0.08,128164,566,128730,63.19
56,KONDLI,SC,203721,9,NIKHIL KUMAR PIPAL,MALE,32,SC,RTORP,Pressure cooker,121,1,122,0.09,0.06,128164,566,128730,63.19
56,KONDLI,SC,203721,10,AMARJEET PRASAD,MALE,40,SC,CPI(ML)(L),Flag with three stars,94,6,100,0.08,0.05,128164,566,128730,63.19
57,PATPARGANJ,GENERAL,227373,1,RAVINDER SINGH NEGI (RAVI NEGI),MALE,48,GENERAL,BJP,Lotus,73696,364,74060,53.41,32.57,138042,610,138652,60.98
57,PATPARGANJ,GENERAL,227373,2,AVADH OJHA,MALE,49,GENERAL,AAAP,Broom,45856,132,45988,33.17,20.23,138042,610,138652,60.98
57,PATPARGANJ,GENERAL,227373,3,ANIL KUMAR,MALE,48,GENERAL,INC,Hand,16454,95,16549,11.94,7.28,138042,610,138652,60.98
57,PATPARGANJ,GENERAL,227373,4,OM SHANKAR PANDEY,MALE,47,GENERAL,BSP,Elephant,747,9,756,0.55,0.33,138042,610,138652,60.98
57,PATPARGANJ,GENERAL,227373,5,NOTA,,,NOTA,NOTA,688,4,692,0.5,0.3,138042,610,138652,60.98
57,PATPARGANJ,GENERAL,227373,6,PRAKASH CHANDRA JOSHI,MALE,50,GENERAL,BRJ,Battery Torch,187,1,188,0.14,0.08,138042,610,138652,60.98
57,PATPARGANJ,GENERAL,227373,7,GOPAL PRASAD,MALE,52,GENERAL,DJP,Whistle,137,0,137,0.1,0.06,138042,610,138652,60.98
57,PATPARGANJ,GENERAL,227373,8,DIBLU SINGH,MALE,60,GENERAL,IND,Walking stick,114,3,117,0.08,0.05,138042,610,138652,60.98
57,PATPARGANJ,GENERAL,227373,9,JAGDISH OJHA,MALE,54,GENERAL,IND,Brush,108,0,108,0.08,0.05,138042,610,138652,60.98
57,PATPARGANJ,GENERAL,227373,10,DEEPA DEVI,FEMALE,35,GENERAL,AHNP,Envelope,55,2,57,0.04,0.03,138042,610,138652,60.98
58,LAXMI NAGAR,GENERAL,206920,1,ABHAY VERMA,MALE,52,GENERAL,BJP,Lotus,65560,298,65858,52.11,31.83,125860,522,126382,61.08
58,LAXMI NAGAR,GENERAL,206920,2,B B TYAGI,MALE,66,GENERAL,AAAP,Broom,54148,168,54316,42.98,26.25,125860,522,126382,61.08
58,LAXMI NAGAR,GENERAL,206920,3,SUMIT SHARMA,MALE,49,GENERAL,INC,Hand,4277,39,4316,3.42,2.09,125860,522,126382,61.08
58,LAXMI NAGAR,GENERAL,206920,4,NOTA,,,NOTA,NOTA,680,6,686,0.54,0.33,125860,522,126382,61.08
58,LAXMI NAGAR,GENERAL,206920,5,MOHD WAQAR CHOUDHARY,MALE,42,GENERAL,BSP,Elephant,382,6,388,0.31,0.19,125860,522,126382,61.08
58,LAXMI NAGAR,GENERAL,206920,6,GANDHI GAUTAM,MALE,56,SC,ASPKR,Kettle,172,1,173,0.14,0.08,125860,522,126382,61.08
58,LAXMI NAGAR,GENERAL,206920,7,VIKAS,MALE,34,GENERAL,APSSHP,Battery Torch,133,2,135,0.11,0.07,125860,522,126382,61.08
58,LAXMI NAGAR,GENERAL,206920,8,DEEPAK PANDEY,MALE,30,GENERAL,MCI,Flute,107,0,107,0.08,0.05,125860,522,126382,61.08
58,LAXMI NAGAR,GENERAL,206920,9,JAGDISH KUMAR GARG,MALE,49,GENERAL,IND,Black board,74,0,74,0.06,0.04,125860,522,126382,61.08
58,LAXMI NAGAR,GENERAL,206920,10,VIMAL KUMAR SAXENA,MALE,65,GENERAL,IND,Balloon,69,0,69,0.05,0.03,125860,522,126382,61.08
58,LAXMI NAGAR,GENERAL,206920,11,NAMAHA,MALE,37,GENERAL,NCP,Clock,48,0,48,0.04,0.02,125860,522,126382,61.08
58,LAXMI NAGAR,GENERAL,206920,12,ANURAG KUMAR,MALE,26,GENERAL,IND,"Throwing a javelin",48,0,48,0.04,0.02,125860,522,126382,61.08
58,LAXMI NAGAR,GENERAL,206920,13,KUSUM LATA,FEMALE,55,SC,PPID,"Basket containing Fruits",44,2,46,0.04,0.02,125860,522,126382,61.08
58,LAXMI NAGAR,GENERAL,206920,14,ANIMA OJHA,FEMALE,37,GENERAL,RTORP,Pressure cooker,45,0,45,0.04,0.02,125860,522,126382,61.08
58,LAXMI NAGAR,GENERAL,206920,15,DANVEER VIDYALANKAR,MALE,42,GENERAL,RaNP,Chakki,41,0,41,0.03,0.02,125860,522,126382,61.08
58,LAXMI NAGAR,GENERAL,206920,16,ISMAIL,MALE,48,GENERAL,VOAP,Apple,32,0,32,0.03,0.02,125860,522,126382,61.08
59,VISHWAS NAGAR,GENERAL,204910,1,OM PRAKASH SHARMA,MALE,71,GENERAL,BJP,Lotus,71672,469,72141,57.7,35.21,124344,678,125022,61.01
59,VISHWAS NAGAR,GENERAL,204910,2,DEEPAK SINGHAL,MALE,38,GENERAL,AAAP,Broom,46955,144,47099,37.67,22.99,124344,678,125022,61.01
59,VISHWAS NAGAR,GENERAL,204910,3,RAJIV CHAUDHARY,MALE,57,GENERAL,INC,Hand,3576,51,3627,2.9,1.77,124344,678,125022,61.01
59,VISHWAS NAGAR,GENERAL,204910,4,NOTA,,,NOTA,NOTA,1042,5,1047,0.84,0.51,124344,678,125022,61.01
59,VISHWAS NAGAR,GENERAL,204910,5,RAJESH KUMAR YADAV,MALE,37,GENERAL,BSP,Elephant,436,7,443,0.35,0.22,124344,678,125022,61.01
59,VISHWAS NAGAR,GENERAL,204910,6,BHAWANA BOTHRA,FEMALE,49,GENERAL,VJSP,Auto-rickshaw,217,0,217,0.17,0.11,124344,678,125022,61.01
59,VISHWAS NAGAR,GENERAL,204910,7,GURMEET SINGH,MALE,25,SC,JMBP,Flute,161,0,161,0.13,0.08,124344,678,125022,61.01
59,VISHWAS NAGAR,GENERAL,204910,8,PARAG JAIN,MALE,49,GENERAL,AADMPRVTNP,Battery Torch,142,0,142,0.11,0.07,124344,678,125022,61.01
59,VISHWAS NAGAR,GENERAL,204910,9,DEEPAK KUMAR,MALE,49,SC,BHRTAJAP,Almirah,47,2,49,0.04,0.02,124344,678,125022,61.01
59,VISHWAS NAGAR,GENERAL,204910,10,NEELAM SINGH,MALE,60,GENERAL,PPID,"Basket containing Fruits",49,0,49,0.04,0.02,124344,678,125022,61.01
59,VISHWAS NAGAR,GENERAL,204910,11,ANIL KUMAR,MALE,32,GENERAL,NYP,Belt,47,0,47,0.04,0.02,124344,678,125022,61.01
60,KRISHNA NAGAR,GENERAL,223266,1,DR ANIL GOYAL,MALE,67,GENERAL,BJP,Lotus,75623,299,75922,52.94,34.01,142960,445,143405,64.23
60,KRISHNA NAGAR,GENERAL,223266,2,VIKAS BAGGA CA,MALE,44,GENERAL,AAAP,Broom,56332,92,56424,39.35,25.27,142960,445,143405,64.23
60,KRISHNA NAGAR,GENERAL,223266,3,GURCHARAN SINGH (RAJU),MALE,59,GENERAL,INC,Hand,9356,37,9393,6.55,4.21,142960,445,143405,64.23
60,KRISHNA NAGAR,GENERAL,223266,4,NOTA,,,NOTA,NOTA,687,9,696,0.49,0.31,142960,445,143405,64.23
60,KRISHNA NAGAR,GENERAL,223266,5,AMAR SINGH,MALE,61,SC,BSP,Elephant,544,8,552,0.38,0.25,142960,445,143405,64.23
60,KRISHNA NAGAR,GENERAL,223266,6,VINOD KAPOOR,MALE,52,GENERAL,IND,Battery Torch,191,0,191,0.13,0.09,142960,445,143405,64.23
60,KRISHNA NAGAR,GENERAL,223266,7,POONAM MAINI,FEMALE,49,GENERAL,NYP,Belt,131,0,131,0.09,0.06,142960,445,143405,64.23
60,KRISHNA NAGAR,GENERAL,223266,8,VIDHAYAK VIRENDRA PRADHAN GURJAR,MALE,45,GENERAL,SMBSP,Sofa,96,0,96,0.07,0.04,142960,445,143405,64.23
61,GANDHI NAGAR,GENERAL,172366,1,ARVINDER SINGH LOVELY,MALE,56,GENERAL,BJP,Lotus,56665,193,56858,53.94,32.99,105140,264,105404,61.15
61,GANDHI NAGAR,GENERAL,172366,2,NAVEEN CHAUDHARY (DEEPU),MALE,60,GENERAL,AAAP,Broom,44059,51,44110,41.85,25.59,105140,264,105404,61.15
61,GANDHI NAGAR,GENERAL,172366,3,KAMAL ARORA (DABBU),MALE,52,GENERAL,INC,Hand,3433,20,3453,3.28,2,105140,264,105404,61.15
61,GANDHI NAGAR,GENERAL,172366,4,NOTA,,,NOTA,NOTA,402,0,402,0.38,0.23,105140,264,105404,61.15
61,GANDHI NAGAR,GENERAL,172366,5,TIKRAJ SINGH,MALE,43,SC,BSP,Elephant,235,0,235,0.22,0.14,105140,264,105404,61.15
61,GANDHI NAGAR,GENERAL,172366,6,PAWAN CHOUDHRY,MALE,41,GENERAL,JJSP,Green chilli,190,0,190,0.18,0.11,105140,264,105404,61.15
61,GANDHI NAGAR,GENERAL,172366,7,GULFAM,MALE,50,GENERAL,IND,Battery Torch,156,0,156,0.15,0.09,105140,264,105404,61.15
62,SHAHDARA,GENERAL,201435,1,SANJAY GOYAL,MALE,56,GENERAL,BJP,Lotus,62477,311,62788,49.63,31.17,126001,516,126517,62.81
62,SHAHDARA,GENERAL,201435,2,JITENDER SINGH SHUNTY,MALE,62,GENERAL,AAAP,Broom,57449,161,57610,45.54,28.6,126001,516,126517,62.81
62,SHAHDARA,GENERAL,201435,3,JAGAT SINGH,MALE,52,GENERAL,INC,Hand,3834,28,3862,3.05,1.92,126001,516,126517,62.81
62,SHAHDARA,GENERAL,201435,4,DHARMINDRA KUMAR KAIM,MALE,45,SC,BSP,Elephant,586,10,596,0.47,0.3,126001,516,126517,62.81
62,SHAHDARA,GENERAL,201435,5,VINAY CHAUDHARI,MALE,44,GENERAL,IND,Balloon,577,2,579,0.46,0.29,126001,516,126517,62.81
62,SHAHDARA,GENERAL,201435,6,NOTA,,,NOTA,NOTA,555,3,558,0.44,0.28,126001,516,126517,62.81
62,SHAHDARA,GENERAL,201435,7,NITIN GARG,MALE,49,GENERAL,AADMPRVTNP,Battery Torch,181,1,182,0.14,0.09,126001,516,126517,62.81
62,SHAHDARA,GENERAL,201435,8,KAMAL KISHORE,MALE,39,SC,NYP,Belt,145,0,145,0.11,0.07,126001,516,126517,62.81
62,SHAHDARA,GENERAL,201435,9,ASHOK SURANA,MALE,50,GENERAL,IND,CCTV Camera,87,0,87,0.07,0.04,126001,516,126517,62.81
62,SHAHDARA,GENERAL,201435,10,RAJENDRA KUMAR PAL,MALE,56,GENERAL,NCP,Clock,58,0,58,0.05,0.03,126001,516,126517,62.81
62,SHAHDARA,GENERAL,201435,11,DILIP BANERJEE,MALE,48,GENERAL,IND,Auto-rickshaw,52,0,52,0.04,0.03,126001,516,126517,62.81
63,SEEMAPURI,SC,209320,1,VEER SINGH DHINGAN,MALE,71,SC,AAAP,Broom,66186,167,66353,48.45,31.7,136513,444,136957,65.43
63,SEEMAPURI,SC,209320,2,KU. RINKU,FEMALE,50,SC,BJP,Lotus,55766,219,55985,40.88,26.75,136513,444,136957,65.43
63,SEEMAPURI,SC,209320,3,RAJESH LILOTHIA,MALE,59,SC,INC,Hand,11788,35,11823,8.63,5.65,136513,444,136957,65.43
63,SEEMAPURI,SC,209320,4,MANOJ,MALE,42,SC,BSP,Elephant,855,12,867,0.63,0.41,136513,444,136957,65.43
63,SEEMAPURI,SC,209320,5,ANIL KUMAR,MALE,34,SC,ASPKR,Kettle,650,4,654,0.48,0.31,136513,444,136957,65.43
63,SEEMAPURI,SC,209320,6,NOTA,,,NOTA,NOTA,453,5,458,0.33,0.22,136513,444,136957,65.43
63,SEEMAPURI,SC,209320,7,AJAY KUMAR,MALE,34,SC,PPID,"Basket containing Fruits",276,1,277,0.2,0.13,136513,444,136957,65.43
63,SEEMAPURI,SC,209320,8,SAROJ BALA,FEMALE,51,SC,SWAJANPA,Swing,163,0,163,0.12,0.08,136513,444,136957,65.43
63,SEEMAPURI,SC,209320,9,ASHISH KUMAR,MALE,29,SC,IND,Bat,158,0,158,0.12,0.08,136513,444,136957,65.43
63,SEEMAPURI,SC,209320,10,RAJESH KUMAR LOHIYA,MALE,52,SC,NCP,Clock,110,0,110,0.08,0.05,136513,444,136957,65.43
63,SEEMAPURI,SC,209320,11,CHARAN SINGH MALIYAN,MALE,62,SC,RTORP,Pressure cooker,58,0,58,0.04,0.03,136513,444,136957,65.43
63,SEEMAPURI,SC,209320,12,RAJESH,FEMALE,33,SC,BSKP,Gas cylinder,50,1,51,0.04,0.02,136513,444,136957,65.43
64,ROHTAS NAGAR,GENERAL,219836,1,JITENDER MAHAJAN,MALE,55,GENERAL,BJP,Lotus,82299,597,82896,57.44,37.71,143463,854,144317,65.65
64,ROHTAS NAGAR,GENERAL,219836,2,SARITA SINGH,FEMALE,38,GENERAL,AAAP,Broom,54803,191,54994,38.11,25.02,143463,854,144317,65.65
64,ROHTAS NAGAR,GENERAL,219836,3,SURESHVATI,FEMALE,62,GENERAL,INC,Hand,3604,35,3639,2.52,1.66,143463,854,144317,65.65
64,ROHTAS NAGAR,GENERAL,219836,4,ASHOK KUMAR,MALE,67,GENERAL,BSP,Elephant,930,23,953,0.66,0.43,143463,854,144317,65.65
64,ROHTAS NAGAR,GENERAL,219836,5,NOTA,,,NOTA,NOTA,628,2,630,0.44,0.29,143463,854,144317,65.65
64,ROHTAS NAGAR,GENERAL,219836,6,VIKAS TYAGI,MALE,41,GENERAL,IND,Gas cylinder,548,2,550,0.38,0.25,143463,854,144317,65.65
64,ROHTAS NAGAR,GENERAL,219836,7,SURENDER SINGH VISHWAKARMA,MALE,46,GENERAL,ASPKR,Kettle,172,2,174,0.12,0.08,143463,854,144317,65.65
64,ROHTAS NAGAR,GENERAL,219836,8,ABHISHEK,MALE,31,GENERAL,NCP,Clock,91,0,91,0.06,0.04,143463,854,144317,65.65
64,ROHTAS NAGAR,GENERAL,219836,9,SURESH PAL JAINTH,MALE,60,SC,IND,Camera,72,0,72,0.05,0.03,143463,854,144317,65.65
64,ROHTAS NAGAR,GENERAL,219836,10,NASEEM USMAN,FEMALE,46,GENERAL,BHLBP,Dustbin,63,0,63,0.04,0.03,143463,854,144317,65.65
64,ROHTAS NAGAR,GENERAL,219836,11,PANKAJ GUPTA,MALE,31,GENERAL,SPRP,Scissors,54,0,54,0.04,0.02,143463,854,144317,65.65
64,ROHTAS NAGAR,GENERAL,219836,12,AKESHAN DUT,MALE,31,GENERAL,BRRTD,Pressure cooker,48,0,48,0.03,0.02,143463,854,144317,65.65
64,ROHTAS NAGAR,GENERAL,219836,13,NITIN MITTAL,MALE,39,GENERAL,IND,Wallet,45,0,45,0.03,0.02,143463,854,144317,65.65
64,ROHTAS NAGAR,GENERAL,219836,14,AMIT KUMAR SHARMA,MALE,48,GENERAL,SJVP,Apple,42,1,43,0.03,0.02,143463,854,144317,65.65
64,ROHTAS NAGAR,GENERAL,219836,15,SANJEEV KUMAR,MALE,45,SC,JNSMHP,Bucket,34,1,35,0.02,0.02,143463,854,144317,65.65
64,ROHTAS NAGAR,GENERAL,219836,16,SUBHASH CHAND GUPTA,MALE,48,GENERAL,BhaRP,Whistle,30,0,30,0.02,0.01,143463,854,144317,65.65
65,SEELAM PUR,GENERAL,193741,1,CHAUDHARY ZUBAIR AHMAD,MALE,44,GENERAL,AAAP,Broom,78866,143,79009,59.21,40.78,133082,358,133440,68.88
65,SEELAM PUR,GENERAL,193741,2,ANIL KUMAR SHARMA (GAUR),MALE,53,GENERAL,BJP,Lotus,36353,179,36532,27.38,18.86,133082,358,133440,68.88
65,SEELAM PUR,GENERAL,193741,3,ABDUL REHMAN,MALE,58,GENERAL,INC,Hand,16524,27,16551,12.4,8.54,133082,358,133440,68.88
65,SEELAM PUR,GENERAL,193741,4,DEEPAK KUMAR,MALE,39,SC,BSP,Elephant,415,7,422,0.32,0.22,133082,358,133440,68.88
65,SEELAM PUR,GENERAL,193741,5,NOTA,,,NOTA,NOTA,353,2,355,0.27,0.18,133082,358,133440,68.88
65,SEELAM PUR,GENERAL,193741,6,SHABANA,FEMALE,43,GENERAL,RTPP,Battery Torch,177,0,177,0.13,0.09,133082,358,133440,68.88
65,SEELAM PUR,GENERAL,193741,7,MOHD NAZIR,MALE,57,GENERAL,RPPRINAT,Coconut farm,107,0,107,0.08,0.06,133082,358,133440,68.88
65,SEELAM PUR,GENERAL,193741,8,MOHD SHAFI,MALE,32,GENERAL,IND,Table,72,0,72,0.05,0.04,133082,358,133440,68.88
65,SEELAM PUR,GENERAL,193741,9,SUMAN SHARMA,FEMALE,44,GENERAL,SJVP,Apple,50,0,50,0.04,0.03,133082,358,133440,68.88
65,SEELAM PUR,GENERAL,193741,10,SYED MUNEEB,MALE,37,GENERAL,IND,Room cooler,46,0,46,0.03,0.02,133082,358,133440,68.88
65,SEELAM PUR,GENERAL,193741,11,RAHISUDDIN AHMAD,MALE,59,GENERAL,IND,Auto-rickshaw,44,0,44,0.03,0.02,133082,358,133440,68.88
65,SEELAM PUR,GENERAL,193741,12,MOHD ZUBAIR MALIK,MALE,32,GENERAL,IND,Cot,29,0,29,0.02,0.01,133082,358,133440,68.88
65,SEELAM PUR,GENERAL,193741,13,S. M. AQIF,MALE,29,GENERAL,IND,Telephone,24,0,24,0.02,0.01,133082,358,133440,68.88
65,SEELAM PUR,GENERAL,193741,14,ISLAUDDIN,MALE,46,GENERAL,IND,Camera,22,0,22,0.02,0.01,133082,358,133440,68.88
66,GHONDA,GENERAL,229547,1,AJAY MAHAWAR,MALE,53,GENERAL,BJP,Lotus,79706,281,79987,56.96,34.85,140003,417,140420,61.17
66,GHONDA,GENERAL,229547,2,GAURAV SHARMA,MALE,38,GENERAL,AAAP,Broom,53828,101,53929,38.41,23.49,140003,417,140420,61.17
66,GHONDA,GENERAL,229547,3,BHISHAM SHARMA,MALE,64,GENERAL,INC,Hand,4859,24,4883,3.48,2.13,140003,417,140420,61.17
66,GHONDA,GENERAL,229547,4,NOTA,,,NOTA,NOTA,587,1,588,0.42,0.26,140003,417,140420,61.17
66,GHONDA,GENERAL,229547,5,SUNDER LOHIYA,MALE,61,GENERAL,BSP,Elephant,448,6,454,0.32,0.2,140003,417,140420,61.17
66,GHONDA,GENERAL,229547,6,GAURAV SHARMA,MALE,33,GENERAL,IND,Battery Torch,277,2,279,0.2,0.12,140003,417,140420,61.17
66,GHONDA,GENERAL,229547,7,BABITA,FEMALE,42,GENERAL,YBRP,Bat,114,0,114,0.08,0.05,140003,417,140420,61.17
66,GHONDA,GENERAL,229547,8,SHUBHAM,MALE,29,GENERAL,RTORP,Pressure cooker,84,0,84,0.06,0.04,140003,417,140420,61.17
66,GHONDA,GENERAL,229547,9,ANIL SINGH,MALE,44,SC,SJVP,Apple,56,0,56,0.04,0.02,140003,417,140420,61.17
66,GHONDA,GENERAL,229547,10,ADVOCATE MEHAK DOGRA,FEMALE,30,GENERAL,NCP,Clock,44,2,46,0.03,0.02,140003,417,140420,61.17
67,BABARPUR,GENERAL,216616,1,GOPAL RAI,MALE,49,GENERAL,AAAP,Broom,76031,161,76192,53.19,35.17,142619,625,143244,66.13
67,BABARPUR,GENERAL,216616,2,ANIL KUMAR VASHISHT,MALE,63,GENERAL,BJP,Lotus,56758,440,57198,39.93,26.41,142619,625,143244,66.13
67,BABARPUR,GENERAL,216616,3,MOHD ISHRAQ KHAN,MALE,64,GENERAL,INC,Hand,8777,20,8797,6.14,4.06,142619,625,143244,66.13
67,BABARPUR,GENERAL,216616,4,NOTA,,,NOTA,NOTA,471,3,474,0.33,0.22,142619,625,143244,66.13
67,BABARPUR,GENERAL,216616,5,MD NAZIR,MALE,51,GENERAL,AaSaP,Battery Torch,201,0,201,0.14,0.09,142619,625,143244,66.13
67,BABARPUR,GENERAL,216616,6,MOHAMMAD ABDULLAH ANSARI,MALE,28,GENERAL,IND,Gas cylinder,124,0,124,0.09,0.06,142619,625,143244,66.13
67,BABARPUR,GENERAL,216616,7,BHUPENDER YADAV,MALE,39,GENERAL,JHD,Shoe,93,0,93,0.06,0.04,142619,625,143244,66.13
67,BABARPUR,GENERAL,216616,8,SHIV KUMAR(KAKE),MALE,60,GENERAL,SPRP,Scissors,89,0,89,0.06,0.04,142619,625,143244,66.13
67,BABARPUR,GENERAL,216616,9,MANOJ KUMAR,MALE,53,GENERAL,ABHSLP,Triangle,75,1,76,0.05,0.04,142619,625,143244,66.13
68,GOKALPUR,SC,241729,1,SURENDRA KUMAR,MALE,57,SC,AAAP,Broom,80086,418,80504,48.48,33.3,164929,1122,166051,68.69
68,GOKALPUR,SC,241729,2,PRAVEEN NIMESH,MALE,43,SC,BJP,Lotus,71764,533,72297,43.54,29.91,164929,1122,166051,68.69
68,GOKALPUR,SC,241729,3,ISHWAR SINGH,MALE,59,SC,INC,Hand,5840,65,5905,3.56,2.44,164929,1122,166051,68.69
68,GOKALPUR,SC,241729,4,ARVIND KUMAR,MALE,40,SC,ASPKR,Kettle,3049,37,3086,1.86,1.28,164929,1122,166051,68.69
68,GOKALPUR,SC,241729,5,LAL SINGH,MALE,61,SC,BSP,Elephant,2518,44,2562,1.54,1.06,164929,1122,166051,68.69
68,GOKALPUR,SC,241729,6,NOTA,,,NOTA,NOTA,589,12,601,0.36,0.25,164929,1122,166051,68.69
68,GOKALPUR,SC,241729,7,ATUL KUMAR,MALE,38,SC,SBNP,Television,335,4,339,0.2,0.14,164929,1122,166051,68.69
68,GOKALPUR,SC,241729,8,DHARAMVIR SINGH,MALE,52,SC,PPID,"Basket containing Fruits",193,2,195,0.12,0.08,164929,1122,166051,68.69
68,GOKALPUR,SC,241729,9,BIR SAIN,MALE,61,SC,BSKP,Gas cylinder,145,0,145,0.09,0.06,164929,1122,166051,68.69
68,GOKALPUR,SC,241729,10,SURESHPAL JAINTH,MALE,60,SC,IND,Room cooler,130,3,133,0.08,0.06,164929,1122,166051,68.69
68,GOKALPUR,SC,241729,11,MANJEET SINGH,MALE,45,SC,JNSMHP,Bucket,125,4,129,0.08,0.05,164929,1122,166051,68.69
68,GOKALPUR,SC,241729,12,CHARAN SINGH MALIYAN,MALE,62,SC,RTORP,Pressure cooker,91,0,91,0.05,0.04,164929,1122,166051,68.69
68,GOKALPUR,SC,241729,13,JAGDISH,MALE,44,SC,NCP,Clock,64,0,64,0.04,0.03,164929,1122,166051,68.69
69,MUSTAFABAD,GENERAL,290851,1,MOHAN SINGH BISHT,MALE,67,GENERAL,BJP,Lotus,84888,327,85215,42.36,29.3,200643,518,201161,69.16
69,MUSTAFABAD,GENERAL,290851,2,ADEEL AHMAD KHAN,MALE,42,GENERAL,AAAP,Broom,67511,126,67637,33.62,23.25,200643,518,201161,69.16
69,MUSTAFABAD,GENERAL,290851,3,MOHD. TAHIR HUSSAIN,MALE,47,GENERAL,AIMIM,Kite,33467,7,33474,16.64,11.51,200643,518,201161,69.16
69,MUSTAFABAD,GENERAL,290851,4,ALI MEHDI,MALE,40,GENERAL,INC,Hand,11732,31,11763,5.85,4.04,200643,518,201161,69.16
69,MUSTAFABAD,GENERAL,290851,5,ASHOK KUMAR,MALE,37,SC,BSP,Elephant,1201,22,1223,0.61,0.42,200643,518,201161,69.16
69,MUSTAFABAD,GENERAL,290851,6,NOTA,,,NOTA,NOTA,451,4,455,0.23,0.16,200643,518,201161,69.16
69,MUSTAFABAD,GENERAL,290851,7,DHARAM PAL,MALE,50,GENERAL,BSKP,Battery Torch,391,0,391,0.19,0.13,200643,518,201161,69.16
69,MUSTAFABAD,GENERAL,290851,8,ASHA CHAUDHARY,FEMALE,44,GENERAL,BSKRP,Auto-rickshaw,236,0,236,0.12,0.08,200643,518,201161,69.16
69,MUSTAFABAD,GENERAL,290851,9,SAGAR TANHA,MALE,42,GENERAL,PECP,"Boat with man and sail",227,0,227,0.11,0.08,200643,518,201161,69.16
69,MUSTAFABAD,GENERAL,290851,10,VISHAL,MALE,28,SC,PPID,"Basket containing Fruits",191,1,192,0.1,0.07,200643,518,201161,69.16
69,MUSTAFABAD,GENERAL,290851,11,MOHD USMAN BAKHSH,MALE,60,GENERAL,RJ,Scissors,151,0,151,0.08,0.05,200643,518,201161,69.16
69,MUSTAFABAD,GENERAL,290851,12,JITENDER KUMAR,MALE,50,GENERAL,IND,Capsicum,122,0,122,0.06,0.04,200643,518,201161,69.16
69,MUSTAFABAD,GENERAL,290851,13,NASIRUDDIN GAURI,MALE,70,GENERAL,RTPP,Computer,75,0,75,0.04,0.03,200643,518,201161,69.16
70,KARAWAL NAGAR,GENERAL,311465,1,KAPIL MISHRA,MALE,44,GENERAL,BJP,Lotus,106963,404,107367,53.39,34.47,200476,608,201084,64.56
70,KARAWAL NAGAR,GENERAL,311465,2,MANOJ KUMAR TYAGI,MALE,47,GENERAL,AAAP,Broom,83843,169,84012,41.78,26.97,200476,608,201084,64.56
70,KARAWAL NAGAR,GENERAL,311465,3,DR. P.K. MISHRA,MALE,59,GENERAL,INC,Hand,3908,13,3921,1.95,1.26,200476,608,201084,64.56
70,KARAWAL NAGAR,GENERAL,311465,4,DEVENDRA BHAIYA,MALE,41,GENERAL,BSP,Elephant,1876,11,1887,0.94,0.61,200476,608,201084,64.56
70,KARAWAL NAGAR,GENERAL,311465,5,AJAY SINGH NEGI,MALE,35,GENERAL,IND,Diamond,1002,4,1006,0.5,0.32,200476,608,201084,64.56
70,KARAWAL NAGAR,GENERAL,311465,6,NOTA,,,NOTA,NOTA,706,3,709,0.35,0.23,200476,608,201084,64.56
70,KARAWAL NAGAR,GENERAL,311465,7,H.M. HASHIM MALIK,MALE,57,GENERAL,SDPI,Gas cylinder,491,0,491,0.24,0.16,200476,608,201084,64.56
70,KARAWAL NAGAR,GENERAL,311465,8,ASHOK AGARWAL,MALE,72,GENERAL,CPI(M),"Hammer, Sickle and Star",456,1,457,0.23,0.15,200476,608,201084,64.56
70,KARAWAL NAGAR,GENERAL,311465,9,PRAKASH CHAND,MALE,75,SC,BHUDRP,Battery Torch,278,0,278,0.14,0.09,200476,608,201084,64.56
70,KARAWAL NAGAR,GENERAL,311465,10,YOGESH SWAMY,MALE,40,GENERAL,IND,Plastering trowel,228,1,229,0.11,0.07,200476,608,201084,64.56
70,KARAWAL NAGAR,GENERAL,311465,11,VISHAL SHARMA,MALE,26,GENERAL,IND,School bag,173,0,173,0.09,0.06,200476,608,201084,64.56
70,KARAWAL NAGAR,GENERAL,311465,12,SANJAY MISHRA (SITARAM),MALE,54,GENERAL,NCP,Clock,165,0,165,0.08,0.05,200476,608,201084,64.56
70,KARAWAL NAGAR,GENERAL,311465,13,SEEMA,FEMALE,43,SC,PPID,"Basket containing Fruits",128,0,128,0.06,0.04,200476,608,201084,64.56
70,KARAWAL NAGAR,GENERAL,311465,14,NEERAJ,MALE,39,GENERAL,NIUP,Water tank,100,0,100,0.05,0.03,200476,608,201084,64.56
70,KARAWAL NAGAR,GENERAL,311465,15,YOGENDER,MALE,58,GENERAL,BSKRP,Auto-rickshaw,89,1,90,0.04,0.03,200476,608,201084,64.56
70,KARAWAL NAGAR,GENERAL,311465,16,SANDHIYA TIWARI,FEMALE,43,GENERAL,ABHSLP,Triangle,70,1,71,0.04,0.02,200476,608,201084,64.56